Workbook

Sheet Doc_truoc_khi_dung
A1: Mục | B1: Nội dung
A2: Mục đích | B2: Ngân hàng câu hỏi Lớp 1 gồm 120 câu (40 câu/môn; 8 câu/cấp độ/môn): 45 câu bộ mẫu ban đầu + 75 câu soạn thêm. Kèm 713 câu bài tập theo sách (Học kì 1; riêng Toán có cả Học kì 2, Bài 21–41) ở sheet Bai_tap_theo_sach.
A3: Căn cứ chính | B3: Chương trình GDPT ban hành kèm Thông tư 32/2018/TT-BGDĐT và văn bản sửa đổi còn hiệu lực; cần kiểm tra văn bản chính thức hiện hành trước khi xuất bản.
A4: Nguồn chương trình tổng thể | B4: https://moet.gov.vn/content/tintuc/Lists/News/Attachments/8421/chuong-trinh-tong-the-ctgdpt-2018.pdf
A5: Nguồn thông tin sửa đổi | B5: https://www.moet.gov.vn/tintuc/Pages/CT-GDPT-Tong-The.aspx/casino%20Matchbook%20Custom?ItemID=8013
A6: Phân biệt chính thức và đề xuất | B6: Chương trình chính thức quy định yêu cầu cần đạt; L1–L5 là thang phân tầng nội bộ EduChain Kids, không phải cấp độ chính thức của Bộ.
A7: L1 | B7: Nhận biết trực tiếp, thao tác đơn giản.
A8: L2 | B8: Hiểu và thực hiện dạng quen thuộc đã học.
A9: L3 | B9: Vận dụng kiến thức đã học vào tình huống quen thuộc.
A10: L4 | B10: Kết hợp vài kỹ năng đã học; không vượt chuẩn.
A11: L5 | B11: Mở rộng tư duy trên kiến thức đã học; không dạy trước kiến thức lớp trên.
A12: Tiến trình | B12: Không gán tuần/tháng cứng vì tiến độ tùy kế hoạch giáo dục, SGK và học sinh. Giáo viên chọn giai đoạn thực tế.
... A26: Sửa nội dung | B26: Nguồn chính là file src/lib/content/ngan-hang-lop1.ts trong dự án. Sửa ở đó rồi chạy npm run check:content, npm run gen:sql và npm run export:bank để tạo lại file này.

Sheet Khung_cap_do
A1: Cấp độ nội bộ | B1: Mô tả | C1: Dấu hiệu | D1: Điều kiện bắt buộc | E1: Không được làm | F1: Mức quen thuộc | G1: Thời gian gốc (giây) | H1: Điểm khi đúng
A2: L1 — Làm quen | B2: Nhận biết, chỉ ra, ghép trực tiếp | C2: Chọn số/chữ/từ đã học | D2: Kiến thức đã dạy; hình rõ | E2: Không hỏi nội dung chưa học | F2: Nhận biết | G2: 30 | H2: 10
A3: L2 — Cơ bản | B3: Thực hiện dạng quen thuộc | C3: Tính toán/hiểu nghĩa trực tiếp | D3: Không cần chiến lược mới | E3: Không làm khó bằng câu chữ rối | F3: Thông hiểu | G3: 40 | H3: 15
A4: L3 — Vận dụng | B4: Áp dụng trong ngữ cảnh quen thuộc | C4: Bài toán thêm/bớt; hiểu câu ngắn | D4: Đủ kiến thức nền | E4: Không dùng từ ngoài vốn từ | F4: Vận dụng | G4: 50 | H4: 20
A5: L4 — Thử thách | B5: Kết hợp vài kỹ năng đã học | C5: Chọn phép tính; đọc câu liên kết | D5: Giáo viên xác nhận phạm vi | E5: Không đồng nghĩa kiến thức lớp trên | F5: — | G5: 60 | H5: 25
A6: L5 — Mở rộng | B6: Tình huống mới, giải thích hoặc nhiều đáp án | C6: Tách số; câu trả lời mở | D6: Có rubric và dùng kiến thức đã học | E6: Không gắn nhãn chuẩn Bộ | F6: — | G6: 75 | H6: 30
A8: Thời gian cộng thêm theo dạng câu
A9: Chọn đáp án, Đúng/Sai | B9: 0
A10: Điền đáp án, Chọn nhiều | B10: 10
A11: Sắp xếp, Ghép cặp | B11: 15
A12: Đề dài hơn 60 ký tự | B12: 10
A13: Giới hạn | B13: 30–120 giây
A15: Chữ xanh: số có thể chỉnh. Cột Điểm khi đúng ở các sheet câu hỏi lấy từ cột H ở đây. Thời gian từng câu trong các sheet câu hỏi là giá trị đã tính (giáo viên sửa được từng câu); đổi quy tắc thời gian thì sửa src/lib/levels.ts và migration 0006 rồi xuất lại file.

Sheet Tong_hop
A1: Môn học | B1: Cấp độ | C1: Tên cấp độ | D1: Số câu ngân hàng | E1: Câu bộ mẫu | F1: Câu soạn thêm | G1: Có lời giải chi tiết | H1: Thời gian TB (giây) | I1: Điểm khi đúng | J1: Câu bài tập theo sách
A2: Toán | B2: 1 | C2: Làm quen | D2: =COUNTIFS(Ngan_hang_cau_hoi!$B:$B,$A2,Ngan_hang_cau_hoi!$F:$F,$B2) | E2: =COUNTIFS(Ngan_hang_cau_hoi!$B:$B,$A2,Ngan_hang_cau_hoi!$F:$F,$B2,Ngan_hang_cau_hoi!$Z:$Z,"Bộ mẫu") | F2: =COUNTIFS(Ngan_hang_cau_hoi!$B:$B,$A2,Ngan_hang_cau_hoi!$F:$F,$B2,Ngan_hang_cau_hoi!$Z:$Z,"Soạn thêm") | G2: =COUNTIFS(Ngan_hang_cau_hoi!$B:$B,$A2,Ngan_hang_cau_hoi!$F:$F,$B2,Ngan_hang_cau_hoi!$S:$S,"<>") | H2: =IFERROR(ROUND(AVERAGEIFS(Ngan_hang_cau_hoi!$T:$T,Ngan_hang_cau_hoi!$B:$B,$A2,Ngan_hang_cau_hoi!$F:$F,$B2),0),0) | I2: =INDEX(Khung_cap_do!$H$2:$H$6,$B2) | J2: =COUNTIFS(Bai_tap_theo_sach!$B:$B,$A2,Bai_tap_theo_sach!$H:$H,$B2)
A3: Toán | B3: 2 | C3: Cơ bản | D3: =COUNTIFS(Ngan_hang_cau_hoi!$B:$B,$A3,Ngan_hang_cau_hoi!$F:$F,$B3) | E3: =COUNTIFS(Ngan_hang_cau_hoi!$B:$B,$A3,Ngan_hang_cau_hoi!$F:$F,$B3,Ngan_hang_cau_hoi!$Z:$Z,"Bộ mẫu") | F3: =COUNTIFS(Ngan_hang_cau_hoi!$B:$B,$A3,Ngan_hang_cau_hoi!$F:$F,$B3,Ngan_hang_cau_hoi!$Z:$Z,"Soạn thêm") | G3: =COUNTIFS(Ngan_hang_cau_hoi!$B:$B,$A3,Ngan_hang_cau_hoi!$F:$F,$B3,Ngan_hang_cau_hoi!$S:$S,"<>") | H3: =IFERROR(ROUND(AVERAGEIFS(Ngan_hang_cau_hoi!$T:$T,Ngan_hang_cau_hoi!$B:$B,$A3,Ngan_hang_cau_hoi!$F:$F,$B3),0),0) | I3: =INDEX(Khung_cap_do!$H$2:$H$6,$B3) | J3: =COUNTIFS(Bai_tap_theo_sach!$B:$B,$A3,Bai_tap_theo_sach!$H:$H,$B3)
A4: Toán | B4: 3 | C4: Vận dụng | D4: =COUNTIFS(Ngan_hang_cau_hoi!$B:$B,$A4,Ngan_hang_cau_hoi!$F:$F,$B4) | E4: =COUNTIFS(Ngan_hang_cau_hoi!$B:$B,$A4,Ngan_hang_cau_hoi!$F:$F,$B4,Ngan_hang_cau_hoi!$Z:$Z,"Bộ mẫu") | F4: =COUNTIFS(Ngan_hang_cau_hoi!$B:$B,$A4,Ngan_hang_cau_hoi!$F:$F,$B4,Ngan_hang_cau_hoi!$Z:$Z,"Soạn thêm") | G4: =COUNTIFS(Ngan_hang_cau_hoi!$B:$B,$A4,Ngan_hang_cau_hoi!$F:$F,$B4,Ngan_hang_cau_hoi!$S:$S,"<>") | H4: =IFERROR(ROUND(AVERAGEIFS(Ngan_hang_cau_hoi!$T:$T,Ngan_hang_cau_hoi!$B:$B,$A4,Ngan_hang_cau_hoi!$F:$F,$B4),0),0) | I4: =INDEX(Khung_cap_do!$H$2:$H$6,$B4) | J4: =COUNTIFS(Bai_tap_theo_sach!$B:$B,$A4,Bai_tap_theo_sach!$H:$H,$B4)
A5: Toán | B5: 4 | C5: Thử thách | D5: =COUNTIFS(Ngan_hang_cau_hoi!$B:$B,$A5,Ngan_hang_cau_hoi!$F:$F,$B5) | E5: =COUNTIFS(Ngan_hang_cau_hoi!$B:$B,$A5,Ngan_hang_cau_hoi!$F:$F,$B5,Ngan_hang_cau_hoi!$Z:$Z,"Bộ mẫu") | F5: =COUNTIFS(Ngan_hang_cau_hoi!$B:$B,$A5,Ngan_hang_cau_hoi!$F:$F,$B5,Ngan_hang_cau_hoi!$Z:$Z,"Soạn thêm") | G5: =COUNTIFS(Ngan_hang_cau_hoi!$B:$B,$A5,Ngan_hang_cau_hoi!$F:$F,$B5,Ngan_hang_cau_hoi!$S:$S,"<>") | H5: =IFERROR(ROUND(AVERAGEIFS(Ngan_hang_cau_hoi!$T:$T,Ngan_hang_cau_hoi!$B:$B,$A5,Ngan_hang_cau_hoi!$F:$F,$B5),0),0) | I5: =INDEX(Khung_cap_do!$H$2:$H$6,$B5) | J5: =COUNTIFS(Bai_tap_theo_sach!$B:$B,$A5,Bai_tap_theo_sach!$H:$H,$B5)
A6: Toán | B6: 5 | C6: Mở rộng | D6: =COUNTIFS(Ngan_hang_cau_hoi!$B:$B,$A6,Ngan_hang_cau_hoi!$F:$F,$B6) | E6: =COUNTIFS(Ngan_hang_cau_hoi!$B:$B,$A6,Ngan_hang_cau_hoi!$F:$F,$B6,Ngan_hang_cau_hoi!$Z:$Z,"Bộ mẫu") | F6: =COUNTIFS(Ngan_hang_cau_hoi!$B:$B,$A6,Ngan_hang_cau_hoi!$F:$F,$B6,Ngan_hang_cau_hoi!$Z:$Z,"Soạn thêm") | G6: =COUNTIFS(Ngan_hang_cau_hoi!$B:$B,$A6,Ngan_hang_cau_hoi!$F:$F,$B6,Ngan_hang_cau_hoi!$S:$S,"<>") | H6: =IFERROR(ROUND(AVERAGEIFS(Ngan_hang_cau_hoi!$T:$T,Ngan_hang_cau_hoi!$B:$B,$A6,Ngan_hang_cau_hoi!$F:$F,$B6),0),0) | I6: =INDEX(Khung_cap_do!$H$2:$H$6,$B6) | J6: =COUNTIFS(Bai_tap_theo_sach!$B:$B,$A6,Bai_tap_theo_sach!$H:$H,$B6)
A7: Cộng Toán | D7: =SUM(D2:D6) | E7: =SUM(E2:E6) | F7: =SUM(F2:F6) | G7: =SUM(G2:G6) | H7: =IFERROR(ROUND(AVERAGEIFS(Ngan_hang_cau_hoi!$T:$T,Ngan_hang_cau_hoi!$B:$B,"Toán"),0),0) | J7: =SUM(J2:J6)
A8: Tiếng Việt | B8: 1 | C8: Làm quen | D8: =COUNTIFS(Ngan_hang_cau_hoi!$B:$B,$A8,Ngan_hang_cau_hoi!$F:$F,$B8) | E8: =COUNTIFS(Ngan_hang_cau_hoi!$B:$B,$A8,Ngan_hang_cau_hoi!$F:$F,$B8,Ngan_hang_cau_hoi!$Z:$Z,"Bộ mẫu") | F8: =COUNTIFS(Ngan_hang_cau_hoi!$B:$B,$A8,Ngan_hang_cau_hoi!$F:$F,$B8,Ngan_hang_cau_hoi!$Z:$Z,"Soạn thêm") | G8: =COUNTIFS(Ngan_hang_cau_hoi!$B:$B,$A8,Ngan_hang_cau_hoi!$F:$F,$B8,Ngan_hang_cau_hoi!$S:$S,"<>") | H8: =IFERROR(ROUND(AVERAGEIFS(Ngan_hang_cau_hoi!$T:$T,Ngan_hang_cau_hoi!$B:$B,$A8,Ngan_hang_cau_hoi!$F:$F,$B8),0),0) | I8: =INDEX(Khung_cap_do!$H$2:$H$6,$B8) | J8: =COUNTIFS(Bai_tap_theo_sach!$B:$B,$A8,Bai_tap_theo_sach!$H:$H,$B8)
A9: Tiếng Việt | B9: 2 | C9: Cơ bản | D9: =COUNTIFS(Ngan_hang_cau_hoi!$B:$B,$A9,Ngan_hang_cau_hoi!$F:$F,$B9) | E9: =COUNTIFS(Ngan_hang_cau_hoi!$B:$B,$A9,Ngan_hang_cau_hoi!$F:$F,$B9,Ngan_hang_cau_hoi!$Z:$Z,"Bộ mẫu") | F9: =COUNTIFS(Ngan_hang_cau_hoi!$B:$B,$A9,Ngan_hang_cau_hoi!$F:$F,$B9,Ngan_hang_cau_hoi!$Z:$Z,"Soạn thêm") | G9: =COUNTIFS(Ngan_hang_cau_hoi!$B:$B,$A9,Ngan_hang_cau_hoi!$F:$F,$B9,Ngan_hang_cau_hoi!$S:$S,"<>") | H9: =IFERROR(ROUND(AVERAGEIFS(Ngan_hang_cau_hoi!$T:$T,Ngan_hang_cau_hoi!$B:$B,$A9,Ngan_hang_cau_hoi!$F:$F,$B9),0),0) | I9: =INDEX(Khung_cap_do!$H$2:$H$6,$B9) | J9: =COUNTIFS(Bai_tap_theo_sach!$B:$B,$A9,Bai_tap_theo_sach!$H:$H,$B9)
A10: Tiếng Việt | B10: 3 | C10: Vận dụng | D10: =COUNTIFS(Ngan_hang_cau_hoi!$B:$B,$A10,Ngan_hang_cau_hoi!$F:$F,$B10) | E10: =COUNTIFS(Ngan_hang_cau_hoi!$B:$B,$A10,Ngan_hang_cau_hoi!$F:$F,$B10,Ngan_hang_cau_hoi!$Z:$Z,"Bộ mẫu") | F10: =COUNTIFS(Ngan_hang_cau_hoi!$B:$B,$A10,Ngan_hang_cau_hoi!$F:$F,$B10,Ngan_hang_cau_hoi!$Z:$Z,"Soạn thêm") | G10: =COUNTIFS(Ngan_hang_cau_hoi!$B:$B,$A10,Ngan_hang_cau_hoi!$F:$F,$B10,Ngan_hang_cau_hoi!$S:$S,"<>") | H10: =IFERROR(ROUND(AVERAGEIFS(Ngan_hang_cau_hoi!$T:$T,Ngan_hang_cau_hoi!$B:$B,$A10,Ngan_hang_cau_hoi!$F:$F,$B10),0),0) | I10: =INDEX(Khung_cap_do!$H$2:$H$6,$B10) | J10: =COUNTIFS(Bai_tap_theo_sach!$B:$B,$A10,Bai_tap_theo_sach!$H:$H,$B10)
A11: Tiếng Việt | B11: 4 | C11: Thử thách | D11: =COUNTIFS(Ngan_hang_cau_hoi!$B:$B,$A11,Ngan_hang_cau_hoi!$F:$F,$B11) | E11: =COUNTIFS(Ngan_hang_cau_hoi!$B:$B,$A11,Ngan_hang_cau_hoi!$F:$F,$B11,Ngan_hang_cau_hoi!$Z:$Z,"Bộ mẫu") | F11: =COUNTIFS(Ngan_hang_cau_hoi!$B:$B,$A11,Ngan_hang_cau_hoi!$F:$F,$B11,Ngan_hang_cau_hoi!$Z:$Z,"Soạn thêm") | G11: =COUNTIFS(Ngan_hang_cau_hoi!$B:$B,$A11,Ngan_hang_cau_hoi!$F:$F,$B11,Ngan_hang_cau_hoi!$S:$S,"<>") | H11: =IFERROR(ROUND(AVERAGEIFS(Ngan_hang_cau_hoi!$T:$T,Ngan_hang_cau_hoi!$B:$B,$A11,Ngan_hang_cau_hoi!$F:$F,$B11),0),0) | I11: =INDEX(Khung_cap_do!$H$2:$H$6,$B11) | J11: =COUNTIFS(Bai_tap_theo_sach!$B:$B,$A11,Bai_tap_theo_sach!$H:$H,$B11)
A12: Tiếng Việt | B12: 5 | C12: Mở rộng | D12: =COUNTIFS(Ngan_hang_cau_hoi!$B:$B,$A12,Ngan_hang_cau_hoi!$F:$F,$B12) | E12: =COUNTIFS(Ngan_hang_cau_hoi!$B:$B,$A12,Ngan_hang_cau_hoi!$F:$F,$B12,Ngan_hang_cau_hoi!$Z:$Z,"Bộ mẫu") | F12: =COUNTIFS(Ngan_hang_cau_hoi!$B:$B,$A12,Ngan_hang_cau_hoi!$F:$F,$B12,Ngan_hang_cau_hoi!$Z:$Z,"Soạn thêm") | G12: =COUNTIFS(Ngan_hang_cau_hoi!$B:$B,$A12,Ngan_hang_cau_hoi!$F:$F,$B12,Ngan_hang_cau_hoi!$S:$S,"<>") | H12: =IFERROR(ROUND(AVERAGEIFS(Ngan_hang_cau_hoi!$T:$T,Ngan_hang_cau_hoi!$B:$B,$A12,Ngan_hang_cau_hoi!$F:$F,$B12),0),0) | I12: =INDEX(Khung_cap_do!$H$2:$H$6,$B12) | J12: =COUNTIFS(Bai_tap_theo_sach!$B:$B,$A12,Bai_tap_theo_sach!$H:$H,$B12)
A13: Cộng Tiếng Việt | D13: =SUM(D8:D12) | E13: =SUM(E8:E12) | F13: =SUM(F8:F12) | G13: =SUM(G8:G12) | H13: =IFERROR(ROUND(AVERAGEIFS(Ngan_hang_cau_hoi!$T:$T,Ngan_hang_cau_hoi!$B:$B,"Tiếng Việt"),0),0) | J13: =SUM(J8:J12)
A14: Tiếng Anh | B14: 1 | C14: Làm quen | D14: =COUNTIFS(Ngan_hang_cau_hoi!$B:$B,$A14,Ngan_hang_cau_hoi!$F:$F,$B14) | E14: =COUNTIFS(Ngan_hang_cau_hoi!$B:$B,$A14,Ngan_hang_cau_hoi!$F:$F,$B14,Ngan_hang_cau_hoi!$Z:$Z,"Bộ mẫu") | F14: =COUNTIFS(Ngan_hang_cau_hoi!$B:$B,$A14,Ngan_hang_cau_hoi!$F:$F,$B14,Ngan_hang_cau_hoi!$Z:$Z,"Soạn thêm") | G14: =COUNTIFS(Ngan_hang_cau_hoi!$B:$B,$A14,Ngan_hang_cau_hoi!$F:$F,$B14,Ngan_hang_cau_hoi!$S:$S,"<>") | H14: =IFERROR(ROUND(AVERAGEIFS(Ngan_hang_cau_hoi!$T:$T,Ngan_hang_cau_hoi!$B:$B,$A14,Ngan_hang_cau_hoi!$F:$F,$B14),0),0) | I14: =INDEX(Khung_cap_do!$H$2:$H$6,$B14) | J14: =COUNTIFS(Bai_tap_theo_sach!$B:$B,$A14,Bai_tap_theo_sach!$H:$H,$B14)
A15: Tiếng Anh | B15: 2 | C15: Cơ bản | D15: =COUNTIFS(Ngan_hang_cau_hoi!$B:$B,$A15,Ngan_hang_cau_hoi!$F:$F,$B15) | E15: =COUNTIFS(Ngan_hang_cau_hoi!$B:$B,$A15,Ngan_hang_cau_hoi!$F:$F,$B15,Ngan_hang_cau_hoi!$Z:$Z,"Bộ mẫu") | F15: =COUNTIFS(Ngan_hang_cau_hoi!$B:$B,$A15,Ngan_hang_cau_hoi!$F:$F,$B15,Ngan_hang_cau_hoi!$Z:$Z,"Soạn thêm") | G15: =COUNTIFS(Ngan_hang_cau_hoi!$B:$B,$A15,Ngan_hang_cau_hoi!$F:$F,$B15,Ngan_hang_cau_hoi!$S:$S,"<>") | H15: =IFERROR(ROUND(AVERAGEIFS(Ngan_hang_cau_hoi!$T:$T,Ngan_hang_cau_hoi!$B:$B,$A15,Ngan_hang_cau_hoi!$F:$F,$B15),0),0) | I15: =INDEX(Khung_cap_do!$H$2:$H$6,$B15) | J15: =COUNTIFS(Bai_tap_theo_sach!$B:$B,$A15,Bai_tap_theo_sach!$H:$H,$B15)
A16: Tiếng Anh | B16: 3 | C16: Vận dụng | D16: =COUNTIFS(Ngan_hang_cau_hoi!$B:$B,$A16,Ngan_hang_cau_hoi!$F:$F,$B16) | E16: =COUNTIFS(Ngan_hang_cau_hoi!$B:$B,$A16,Ngan_hang_cau_hoi!$F:$F,$B16,Ngan_hang_cau_hoi!$Z:$Z,"Bộ mẫu") | F16: =COUNTIFS(Ngan_hang_cau_hoi!$B:$B,$A16,Ngan_hang_cau_hoi!$F:$F,$B16,Ngan_hang_cau_hoi!$Z:$Z,"Soạn thêm") | G16: =COUNTIFS(Ngan_hang_cau_hoi!$B:$B,$A16,Ngan_hang_cau_hoi!$F:$F,$B16,Ngan_hang_cau_hoi!$S:$S,"<>") | H16: =IFERROR(ROUND(AVERAGEIFS(Ngan_hang_cau_hoi!$T:$T,Ngan_hang_cau_hoi!$B:$B,$A16,Ngan_hang_cau_hoi!$F:$F,$B16),0),0) | I16: =INDEX(Khung_cap_do!$H$2:$H$6,$B16) | J16: =COUNTIFS(Bai_tap_theo_sach!$B:$B,$A16,Bai_tap_theo_sach!$H:$H,$B16)
A17: Tiếng Anh | B17: 4 | C17: Thử thách | D17: =COUNTIFS(Ngan_hang_cau_hoi!$B:$B,$A17,Ngan_hang_cau_hoi!$F:$F,$B17) | E17: =COUNTIFS(Ngan_hang_cau_hoi!$B:$B,$A17,Ngan_hang_cau_hoi!$F:$F,$B17,Ngan_hang_cau_hoi!$Z:$Z,"Bộ mẫu") | F17: =COUNTIFS(Ngan_hang_cau_hoi!$B:$B,$A17,Ngan_hang_cau_hoi!$F:$F,$B17,Ngan_hang_cau_hoi!$Z:$Z,"Soạn thêm") | G17: =COUNTIFS(Ngan_hang_cau_hoi!$B:$B,$A17,Ngan_hang_cau_hoi!$F:$F,$B17,Ngan_hang_cau_hoi!$S:$S,"<>") | H17: =IFERROR(ROUND(AVERAGEIFS(Ngan_hang_cau_hoi!$T:$T,Ngan_hang_cau_hoi!$B:$B,$A17,Ngan_hang_cau_hoi!$F:$F,$B17),0),0) | I17: =INDEX(Khung_cap_do!$H$2:$H$6,$B17) | J17: =COUNTIFS(Bai_tap_theo_sach!$B:$B,$A17,Bai_tap_theo_sach!$H:$H,$B17)
A18: Tiếng Anh | B18: 5 | C18: Mở rộng | D18: =COUNTIFS(Ngan_hang_cau_hoi!$B:$B,$A18,Ngan_hang_cau_hoi!$F:$F,$B18) | E18: =COUNTIFS(Ngan_hang_cau_hoi!$B:$B,$A18,Ngan_hang_cau_hoi!$F:$F,$B18,Ngan_hang_cau_hoi!$Z:$Z,"Bộ mẫu") | F18: =COUNTIFS(Ngan_hang_cau_hoi!$B:$B,$A18,Ngan_hang_cau_hoi!$F:$F,$B18,Ngan_hang_cau_hoi!$Z:$Z,"Soạn thêm") | G18: =COUNTIFS(Ngan_hang_cau_hoi!$B:$B,$A18,Ngan_hang_cau_hoi!$F:$F,$B18,Ngan_hang_cau_hoi!$S:$S,"<>") | H18: =IFERROR(ROUND(AVERAGEIFS(Ngan_hang_cau_hoi!$T:$T,Ngan_hang_cau_hoi!$B:$B,$A18,Ngan_hang_cau_hoi!$F:$F,$B18),0),0) | I18: =INDEX(Khung_cap_do!$H$2:$H$6,$B18) | J18: =COUNTIFS(Bai_tap_theo_sach!$B:$B,$A18,Bai_tap_theo_sach!$H:$H,$B18)
A19: Cộng Tiếng Anh | D19: =SUM(D14:D18) | E19: =SUM(E14:E18) | F19: =SUM(F14:F18) | G19: =SUM(G14:G18) | H19: =IFERROR(ROUND(AVERAGEIFS(Ngan_hang_cau_hoi!$T:$T,Ngan_hang_cau_hoi!$B:$B,"Tiếng Anh"),0),0) | J19: =SUM(J14:J18)
A20: TỔNG CỘNG | D20: =D7+D13+D19 | E20: =E7+E13+E19 | F20: =F7+F13+F19 | G20: =G7+G13+G19 | H20: =IFERROR(ROUND(AVERAGE(Ngan_hang_cau_hoi!$T:$T),0),0) | J20: =J7+J13+J19
A22: Mọi số liệu là công thức đếm từ sheet Ngan_hang_cau_hoi và Bai_tap_theo_sach.

Sheet Toan_L1-L5
A1: ID | B1: Môn học | C1: Lớp | D1: Giai đoạn gợi ý | E1: Chủ đề / kỹ năng | F1: Cấp độ | G1: Tên cấp độ | H1: Cấp độ cũ (bộ mẫu) | I1: Lý do điều chỉnh cấp độ | J1: Loại câu hỏi | K1: Câu hỏi / nhiệm vụ | L1: Lựa chọn A | M1: Lựa chọn B | N1: Lựa chọn C | O1: Lựa chọn D | P1: Lựa chọn E | Q1: Đáp án đúng | R1: Lời giải / phản hồi | S1: Lời giải chi tiết | T1: Thời gian (giây) | U1: Điểm khi đúng | V1: Đề ôn | W1: Thứ tự trong đề | X1: Mã YCCĐ | Y1: Mã dạng bài | Z1: Nguồn câu | AA1: Bản dùng trong app (nếu khác câu gốc) | AB1: Điều kiện tiên quyết | AC1: Căn cứ chương trình / lưu ý đối chiếu | AD1: Nguồn / phạm vi | AE1: Trạng thái nội dung | AF1: Trạng thái giáo viên | AG1: Ghi chú kiểm duyệt
A2: EC1-001 | B2: Toán | C2: 1 | D2: Sau khi học số tương ứng | E2: Nhận biết số | F2: 1 | G2: Làm quen | J2: Chọn đáp án | K2: Có 3 quả táo. Số quả táo là số nào? | L2: 2 | M2: 3 | N2: 4 | Q2: B | R2: Đếm lần lượt 1, 2, 3 quả; có 3 quả. | T2: 30 | U2: =INDEX(Khung_cap_do!$H$2:$H$6,F2) | V2: 1 | W2: 1 | X2: T1.SO.01 | Y2: TOAN.DEM | Z2: Bộ mẫu | AB2: Đã học nhận biết số 1–3 và đếm đồ vật tương ứng. | AC2: Minh họa yêu cầu nhận biết số và đếm; giáo viên gắn với tiến trình SGK. | AD2: Chương trình GDPT 2018 / kế hoạch dạy học của trường; đối chiếu văn bản hiện hành | AE2: Bản mẫu — cần rà soát | AF2: Chờ giáo viên duyệt
A3: EC1-002 | B3: Toán | C3: 1 | D3: Sau khi học so sánh số | E3: So sánh số | F3: 1 | G3: Làm quen | J3: Chọn đáp án | K3: Số nào bé hơn 4? | L3: 5 | M3: 3 | N3: 6 | Q3: B | R3: 3 bé hơn 4. | T3: 30 | U3: =INDEX(Khung_cap_do!$H$2:$H$6,F3) | V3: 1 | W3: 2 | X3: T1.SO.02 | Y3: TOAN.SOSANH | Z3: Bộ mẫu | AB3: Các số trong lựa chọn và ý niệm so sánh đã được học. | AC3: Bài tập nhận biết quan hệ số trong phạm vi đã học. | AD3: Chương trình GDPT 2018 / kế hoạch dạy học của trường; đối chiếu văn bản hiện hành | AE3: Bản mẫu — cần rà soát | AF3: Chờ giáo viên duyệt
A4: EC1-003 | B4: Toán | C4: 1 | D4: Sau khi học hình dạng | E4: Hình dạng | F4: 1 | G4: Làm quen | J4: Chọn đáp án | K4: Vật nào thường có dạng hình tròn? | L4: Quả bóng | M4: Quyển sách | N4: Hộp vuông | Q4: A | R4: Quả bóng được minh họa bằng dạng tròn. | T4: 30 | U4: =INDEX(Khung_cap_do!$H$2:$H$6,F4) | V4: 2 | W4: 1 | X4: T1.HH.02 | Y4: TOAN.HINH | Z4: Bộ mẫu | AB4: Đã làm quen với hình dạng được dùng. | AC4: Nhận dạng trực quan; hình minh họa phải rõ. | AD4: Chương trình GDPT 2018 / kế hoạch dạy học của trường; đối chiếu văn bản hiện hành | AE4: Bản mẫu — cần rà soát | AF4: Chờ giáo viên duyệt
A5: EC1-046 | B5: Toán | C5: 1 | D5: Sau khi học các số 0–5 | E5: Đếm số lượng | F5: 1 | G5: Làm quen | J5: Chọn đáp án | K5: Đếm số ngôi sao: ⭐⭐⭐⭐⭐ | L5: 4 | M5: 5 | N5: 6 | Q5: B | R5: Đếm lần lượt 1, 2, 3, 4, 5: có 5 ngôi sao. | T5: 30 | U5: =INDEX(Khung_cap_do!$H$2:$H$6,F5) | V5: 2 | W5: 2 | X5: T1.SO.01 | Y5: TOAN.DEM | Z5: Soạn thêm | AB5: Đã học đếm và nhận biết số đến 5. | AC5: Chương trình GDPT 2018 – Toán 1; đối chiếu SGK Kết nối tri thức. | AD5: EduChain Kids soạn thêm (2026-10); bám chương trình GDPT 2018 và trình tự SGK đã chọn | AE5: Bản soạn mới — cần rà soát | AF5: Chờ giáo viên duyệt
A6: EC1-047 | B6: Toán | C6: 1 | D6: Sau khi học so sánh số | E6: So sánh số | F6: 1 | G6: Làm quen | J6: Đúng / Sai | K6: Số 7 lớn hơn số 5. | L6: Đúng | M6: Sai | Q6: A | R6: Đếm 5, 6, 7: số 7 đứng sau số 5 nên 7 lớn hơn 5. | T6: 30 | U6: =INDEX(Khung_cap_do!$H$2:$H$6,F6) | V6: 3 | W6: 1 | X6: T1.SO.02 | Y6: TOAN.DUNGSAI | Z6: Soạn thêm | AB6: Đã học so sánh các số trong phạm vi 10. | AC6: Chương trình GDPT 2018 – Toán 1; đối chiếu SGK Kết nối tri thức. | AD6: EduChain Kids soạn thêm (2026-10); bám chương trình GDPT 2018 và trình tự SGK đã chọn | AE6: Bản soạn mới — cần rà soát | AF6: Chờ giáo viên duyệt
A7: EC1-048 | B7: Toán | C7: 1 | D7: Sau khi học hình phẳng | E7: Hình dạng | F7: 1 | G7: Làm quen | J7: Chọn đáp án | K7: Hình nào có 3 cạnh? | L7: Hình tam giác | M7: Hình vuông | N7: Hình tròn | Q7: A | R7: Hình tam giác có 3 cạnh. | T7: 30 | U7: =INDEX(Khung_cap_do!$H$2:$H$6,F7) | V7: 3 | W7: 2 | X7: T1.HH.02 | Y7: TOAN.HINH | Z7: Soạn thêm | AB7: Đã học hình vuông, hình tròn, hình tam giác. | AC7: Chương trình GDPT 2018 – Toán 1; đối chiếu SGK Kết nối tri thức. | AD7: EduChain Kids soạn thêm (2026-10); bám chương trình GDPT 2018 và trình tự SGK đã chọn | AE7: Bản soạn mới — cần rà soát | AF7: Chờ giáo viên duyệt
A8: EC1-049 | B8: Toán | C8: 1 | D8: Sau khi học các số 0–10 | E8: Thứ tự số | F8: 1 | G8: Làm quen | J8: Điền đáp án | K8: Đếm tiếp: 4, 5, 6, ... Số tiếp theo là số mấy? | Q8: 7 / bảy | R8: Đếm tiếp sau 6 là 7. | T8: 40 | U8: =INDEX(Khung_cap_do!$H$2:$H$6,F8) | V8: 4 | W8: 1 | X8: T1.SO.01 | Y8: TOAN.SOTHIEU | Z8: Soạn thêm | AB8: Đã học đếm đến 10. | AC8: Chương trình GDPT 2018 – Toán 1; đối chiếu SGK Kết nối tri thức. | AD8: EduChain Kids soạn thêm (2026-10); bám chương trình GDPT 2018 và trình tự SGK đã chọn | AE8: Bản soạn mới — cần rà soát | AF8: Chờ giáo viên duyệt
A9: EC1-050 | B9: Toán | C9: 1 | D9: Sau khi học số 0 | E9: Số 0 | F9: 1 | G9: Làm quen | J9: Chọn đáp án | K9: Trong đĩa không có quả nào. Số quả trong đĩa là số mấy? | L9: 0 | M9: 1 | N9: 2 | Q9: A | R9: Không có quả nào thì viết số 0. | T9: 30 | U9: =INDEX(Khung_cap_do!$H$2:$H$6,F9) | V9: 4 | W9: 2 | X9: T1.SO.01 | Y9: TOAN.DEM | Z9: Soạn thêm | AB9: Đã học số 0. | AC9: Chương trình GDPT 2018 – Toán 1; đối chiếu SGK Kết nối tri thức. | AD9: EduChain Kids soạn thêm (2026-10); bám chương trình GDPT 2018 và trình tự SGK đã chọn | AE9: Bản soạn mới — cần rà soát | AF9: Chờ giáo viên duyệt
A10: EC1-004 | B10: Toán | C10: 1 | D10: Sau khi học phép cộng phù hợp | E10: Phép cộng | F10: 2 | G10: Cơ bản | J10: Điền đáp án | K10: 2 + 1 = ? | Q10: 3 | R10: Có 2 đồ vật, thêm 1 thì có 3. | T10: 50 | U10: =INDEX(Khung_cap_do!$H$2:$H$6,F10) | V10: 1 | W10: 3 | X10: T1.PT.02 | Y10: TOAN.TINH | Z10: Bộ mẫu | AB10: Đã học phép cộng với các số này. | AC10: Chỉ dùng khi phép tính đã được dạy. | AD10: Chương trình GDPT 2018 / kế hoạch dạy học của trường; đối chiếu văn bản hiện hành | AE10: Bản mẫu — cần rà soát | AF10: Chờ giáo viên duyệt
A11: EC1-005 | B11: Toán | C11: 1 | D11: Sau khi học so sánh | E11: So sánh số lượng | F11: 2 | G11: Cơ bản | J11: Chọn đáp án | K11: Nhóm 5 con cá và nhóm 3 con cá. Nhóm nào nhiều hơn? | L11: Nhóm 5 con | M11: Nhóm 3 con | N11: Bằng nhau | Q11: A | R11: 5 nhiều hơn 3. | T11: 40 | U11: =INDEX(Khung_cap_do!$H$2:$H$6,F11) | V11: 1 | W11: 4 | X11: T1.SO.02 | Y11: TOAN.SOSANH | Z11: Bộ mẫu | AB11: Đã học đếm và so sánh trong phạm vi tương ứng. | AC11: Tình huống quen thuộc, không cần kiến thức mới. | AD11: Chương trình GDPT 2018 / kế hoạch dạy học của trường; đối chiếu văn bản hiện hành | AE11: Bản mẫu — cần rà soát | AF11: Chờ giáo viên duyệt
A12: EC1-006 | B12: Toán | C12: 1 | D12: Sau khi học phép trừ phù hợp | E12: Phép trừ | F12: 2 | G12: Cơ bản | J12: Điền đáp án | K12: 4 − 1 = ? | Q12: 3 | R12: Bớt 1 từ 4 còn 3. | T12: 50 | U12: =INDEX(Khung_cap_do!$H$2:$H$6,F12) | V12: 2 | W12: 3 | X12: T1.PT.02 | Y12: TOAN.TINH | Z12: Bộ mẫu | AB12: Đã học phép trừ với các số này. | AC12: Điều chỉnh phạm vi số theo tiến trình. | AD12: Chương trình GDPT 2018 / kế hoạch dạy học của trường; đối chiếu văn bản hiện hành | AE12: Bản mẫu — cần rà soát | AF12: Chờ giáo viên duyệt
A13: EC1-051 | B13: Toán | C13: 1 | D13: Sau khi học phép cộng trong phạm vi 10 | E13: Phép cộng | F13: 2 | G13: Cơ bản | J13: Điền đáp án | K13: 3 + 4 = ? | Q13: 7 / bảy | R13: 3 thêm 4 là 7. | T13: 50 | U13: =INDEX(Khung_cap_do!$H$2:$H$6,F13) | V13: 2 | W13: 4 | X13: T1.PT.02 | Y13: TOAN.TINH | Z13: Soạn thêm | AB13: Đã học cộng trong phạm vi 10. | AC13: Chương trình GDPT 2018 – Toán 1; đối chiếu SGK Kết nối tri thức. | AD13: EduChain Kids soạn thêm (2026-10); bám chương trình GDPT 2018 và trình tự SGK đã chọn | AE13: Bản soạn mới — cần rà soát | AF13: Chờ giáo viên duyệt
A14: EC1-052 | B14: Toán | C14: 1 | D14: Sau khi học phép trừ trong phạm vi 10 | E14: Phép trừ | F14: 2 | G14: Cơ bản | J14: Điền đáp án | K14: 9 − 5 = ? | Q14: 4 / bốn | R14: 9 bớt 5 còn 4. | T14: 50 | U14: =INDEX(Khung_cap_do!$H$2:$H$6,F14) | V14: 3 | W14: 3 | X14: T1.PT.02 | Y14: TOAN.TINH | Z14: Soạn thêm | AB14: Đã học trừ trong phạm vi 10. | AC14: Chương trình GDPT 2018 – Toán 1; đối chiếu SGK Kết nối tri thức. | AD14: EduChain Kids soạn thêm (2026-10); bám chương trình GDPT 2018 và trình tự SGK đã chọn | AE14: Bản soạn mới — cần rà soát | AF14: Chờ giáo viên duyệt
A15: EC1-053 | B15: Toán | C15: 1 | D15: Sau khi học dấu >, <, = | E15: So sánh số | F15: 2 | G15: Cơ bản | J15: Chọn đáp án | K15: Chọn dấu đúng: 6 ... 8 | L15: > | M15: < | N15: = | Q15: B | R15: 6 bé hơn 8 nên điền dấu <. | T15: 40 | U15: =INDEX(Khung_cap_do!$H$2:$H$6,F15) | V15: 3 | W15: 4 | X15: T1.SO.02 | Y15: TOAN.SOSANH | Z15: Soạn thêm | AB15: Đã học các dấu >, <, =. | AC15: Chương trình GDPT 2018 – Toán 1; đối chiếu SGK Kết nối tri thức. | AD15: EduChain Kids soạn thêm (2026-10); bám chương trình GDPT 2018 và trình tự SGK đã chọn | AE15: Bản soạn mới — cần rà soát | AF15: Chờ giáo viên duyệt
A16: EC1-054 | B16: Toán | C16: 1 | D16: Sau khi học so sánh, xếp thứ tự số | E16: Xếp thứ tự số | F16: 2 | G16: Cơ bản | J16: Sắp xếp | K16: Xếp các số theo thứ tự từ bé đến lớn. (Các mục: 2 / 5 / 7 / 9) | Q16: 2 → 5 → 7 → 9 | R16: Từ bé đến lớn: 2, 5, 7, 9. | T16: 55 | U16: =INDEX(Khung_cap_do!$H$2:$H$6,F16) | V16: 4 | W16: 3 | X16: T1.SO.02 | Y16: TOAN.SAPXEP | Z16: Soạn thêm | AB16: Đã học so sánh số trong phạm vi 10. | AC16: Chương trình GDPT 2018 – Toán 1; đối chiếu SGK Kết nối tri thức. | AD16: EduChain Kids soạn thêm (2026-10); bám chương trình GDPT 2018 và trình tự SGK đã chọn | AE16: Bản soạn mới — cần rà soát | AF16: Chờ giáo viên duyệt
A17: EC1-055 | B17: Toán | C17: 1 | D17: Sau khi học cộng, trừ trong phạm vi 10 | E17: Tính nhẩm | F17: 2 | G17: Cơ bản | J17: Chọn đáp án | K17: Phép tính nào có kết quả bằng 5? | L17: 2 + 3 | M17: 4 + 2 | N17: 6 − 2 | Q17: A | R17: 2 + 3 = 5; 4 + 2 = 6; 6 − 2 = 4. | T17: 40 | U17: =INDEX(Khung_cap_do!$H$2:$H$6,F17) | V17: 4 | W17: 4 | X17: T1.PT.02 | Y17: TOAN.TINH | Z17: Soạn thêm | AB17: Đã học cộng, trừ trong phạm vi 10. | AC17: Chương trình GDPT 2018 – Toán 1; đối chiếu SGK Kết nối tri thức. | AD17: EduChain Kids soạn thêm (2026-10); bám chương trình GDPT 2018 và trình tự SGK đã chọn | AE17: Bản soạn mới — cần rà soát | AF17: Chờ giáo viên duyệt
A18: EC1-007 | B18: Toán | C18: 1 | D18: Sau khi học cộng tương ứng | E18: Toán có lời văn | F18: 3 | G18: Vận dụng | J18: Điền đáp án | K18: Mai có 2 bút chì, được tặng thêm 2. Mai có tất cả bao nhiêu bút chì? | Q18: 4 | R18: Thêm vào nên tính 2 + 2 = 4. | S18: Được tặng thêm là gộp lại, ta làm phép cộng: 2 + 2 = 4. Mai có 4 bút chì. | T18: 70 | U18: =INDEX(Khung_cap_do!$H$2:$H$6,F18) | V18: 1 | W18: 5 | X18: T1.PT.03 | Y18: TOAN.LOIVAN | Z18: Bộ mẫu | AB18: Đã học phép cộng 2 + 2 và tình huống thêm vào. | AC18: Vận dụng kiến thức trong tình huống quen thuộc. | AD18: Chương trình GDPT 2018 / kế hoạch dạy học của trường; đối chiếu văn bản hiện hành | AE18: Bản mẫu — cần rà soát | AF18: Chờ giáo viên duyệt
A19: EC1-008 | B19: Toán | C19: 1 | D19: Sau khi học trừ tương ứng | E19: Toán có lời văn | F19: 3 | G19: Vận dụng | J19: Điền đáp án | K19: Có 5 con chim, 2 con bay đi. Còn lại bao nhiêu con? | Q19: 3 | R19: Bớt đi nên tính 5 − 2 = 3. | S19: Bay đi là bớt đi, ta làm phép trừ: 5 − 2 = 3. Còn lại 3 con chim. | T19: 60 | U19: =INDEX(Khung_cap_do!$H$2:$H$6,F19) | V19: 1 | W19: 6 | X19: T1.PT.03 | Y19: TOAN.LOIVAN | Z19: Bộ mẫu | AB19: Đã học phép trừ 5 − 2. | AC19: Chỉ phát hành khi phù hợp tiến trình lớp. | AD19: Chương trình GDPT 2018 / kế hoạch dạy học của trường; đối chiếu văn bản hiện hành | AE19: Bản mẫu — cần rà soát | AF19: Chờ giáo viên duyệt
A20: EC1-009 | B20: Toán | C20: 1 | D20: Sau khi học tách/gộp số | E20: Tách và gộp số | F20: 3 | G20: Vận dụng | J20: Điền đáp án | K20: Có 5 khối gỗ, 2 khối đỏ, còn lại xanh. Có mấy khối xanh? | Q20: 3 | R20: 5 − 2 = 3. | S20: Lấy tất cả trừ đi số khối đỏ: 5 − 2 = 3. Có 3 khối xanh. | T20: 60 | U20: =INDEX(Khung_cap_do!$H$2:$H$6,F20) | V20: 2 | W20: 5 | X20: T1.PT.03 | Y20: TOAN.LOIVAN | Z20: Bộ mẫu | AB20: Đã học tách/gộp hoặc phép trừ tương ứng. | AC20: Giáo viên rà soát mạch kiến thức. | AD20: Chương trình GDPT 2018 / kế hoạch dạy học của trường; đối chiếu văn bản hiện hành | AE20: Bản mẫu — cần rà soát | AF20: Chờ giáo viên duyệt
A21: EC1-012 | B21: Toán | C21: 1 | D21: Sau khi học phép cộng phù hợp | E21: Giải quyết vấn đề | F21: 3 | G21: Vận dụng | H21: 4 | I21: Cùng dạng "thêm vào" với EC1-007 (một phép tính), nên xếp L3. | J21: Điền đáp án | K21: Có 2 con vịt, 3 con đi tới. Có tất cả bao nhiêu con? | Q21: 5 | R21: Có thêm vịt: 2 + 3 = 5. | S21: Đi tới là thêm vào: 2 + 3 = 5. Có tất cả 5 con vịt. | T21: 60 | U21: =INDEX(Khung_cap_do!$H$2:$H$6,F21) | V21: 2 | W21: 6 | X21: T1.PT.03 | Y21: TOAN.LOIVAN | Z21: Bộ mẫu | AB21: Đã học phép cộng 2 + 3. | AC21: Không dùng nếu phép tính chưa được dạy. | AD21: Chương trình GDPT 2018 / kế hoạch dạy học của trường; đối chiếu văn bản hiện hành | AE21: Bản mẫu — cần rà soát | AF21: Chờ giáo viên duyệt
A22: EC1-015 | B22: Toán | C22: 1 | D22: Ôn tập cuối giai đoạn | E22: Tổng hợp | F22: 3 | G22: Vận dụng | H22: 5 | I22: Chỉ cần một phép trừ quen thuộc, chưa phải tình huống mở rộng; xếp L3. | J22: Chọn đáp án | K22: Có 6 chiếc lá, 2 chiếc rơi xuống. Còn lại bao nhiêu? | L22: 8 | M22: 4 | N22: 3 | Q22: B | R22: 6 − 2 = 4. | S22: Rơi xuống là bớt đi: 6 − 2 = 4. Còn lại 4 chiếc lá. | T22: 50 | U22: =INDEX(Khung_cap_do!$H$2:$H$6,F22) | V22: 3 | W22: 5 | X22: T1.PT.03 | Y22: TOAN.LOIVAN | Z22: Bộ mẫu | AB22: Đã học phép trừ 6 − 2. | AC22: Chỉ dùng nếu tất cả kiến thức đã được học. | AD22: Chương trình GDPT 2018 / kế hoạch dạy học của trường; đối chiếu văn bản hiện hành | AE22: Bản mẫu — cần rà soát | AF22: Chờ giáo viên duyệt
A23: EC1-056 | B23: Toán | C23: 1 | D23: Sau khi học phép cộng trong phạm vi 10 | E23: Toán có lời văn | F23: 3 | G23: Vận dụng | J23: Điền đáp án | K23: Trong vườn có 6 cây cam và 3 cây bưởi. Vườn có tất cả bao nhiêu cây? | Q23: 9 / chín | R23: 6 + 3 = 9. | S23: Gộp cây cam và cây bưởi: 6 + 3 = 9. Vườn có 9 cây. | T23: 70 | U23: =INDEX(Khung_cap_do!$H$2:$H$6,F23) | V23: 3 | W23: 6 | X23: T1.PT.03 | Y23: TOAN.LOIVAN | Z23: Soạn thêm | AB23: Đã học cộng trong phạm vi 10. | AC23: Chương trình GDPT 2018 – Toán 1; đối chiếu SGK Kết nối tri thức. | AD23: EduChain Kids soạn thêm (2026-10); bám chương trình GDPT 2018 và trình tự SGK đã chọn | AE23: Bản soạn mới — cần rà soát | AF23: Chờ giáo viên duyệt
A24: EC1-057 | B24: Toán | C24: 1 | D24: Sau khi học phép trừ trong phạm vi 10 | E24: Toán có lời văn | F24: 3 | G24: Vận dụng | J24: Điền đáp án | K24: Bình có 8 cái kẹo, Bình cho em 3 cái. Bình còn lại mấy cái kẹo? | Q24: 5 / năm | R24: 8 − 3 = 5. | S24: Cho em là bớt đi: 8 − 3 = 5. Bình còn 5 cái kẹo. | T24: 70 | U24: =INDEX(Khung_cap_do!$H$2:$H$6,F24) | V24: 4 | W24: 5 | X24: T1.PT.03 | Y24: TOAN.LOIVAN | Z24: Soạn thêm | AB24: Đã học trừ trong phạm vi 10. | AC24: Chương trình GDPT 2018 – Toán 1; đối chiếu SGK Kết nối tri thức. | AD24: EduChain Kids soạn thêm (2026-10); bám chương trình GDPT 2018 và trình tự SGK đã chọn | AE24: Bản soạn mới — cần rà soát | AF24: Chờ giáo viên duyệt
A25: EC1-058 | B25: Toán | C25: 1 | D25: Sau khi học cộng, trừ trong phạm vi 10 | E25: Tính nhẩm | F25: 3 | G25: Vận dụng | J25: Chọn nhiều đáp án | K25: Chọn TẤT CẢ phép tính có kết quả bằng 6. | L25: 3 + 3 | M25: 4 + 2 | N25: 9 − 2 | O25: 10 − 4 | Q25: A, B, D | R25: 3 + 3 = 6; 4 + 2 = 6; 10 − 4 = 6; còn 9 − 2 = 7. | S25: Tính từng phép: 3 + 3 = 6, 4 + 2 = 6, 9 − 2 = 7, 10 − 4 = 6. Chọn 3 phép có kết quả 6. | T25: 60 | U25: =INDEX(Khung_cap_do!$H$2:$H$6,F25) | V25: 4 | W25: 6 | X25: T1.PT.02 | Y25: TOAN.TINH | Z25: Soạn thêm | AB25: Đã học cộng, trừ trong phạm vi 10. | AC25: Chương trình GDPT 2018 – Toán 1; đối chiếu SGK Kết nối tri thức. | AD25: EduChain Kids soạn thêm (2026-10); bám chương trình GDPT 2018 và trình tự SGK đã chọn | AE25: Bản soạn mới — cần rà soát | AF25: Chờ giáo viên duyệt
A26: EC1-010 | B26: Toán | C26: 1 | D26: Sau khi học cộng phù hợp | E26: Chọn phép tính | F26: 4 | G26: Thử thách | J26: Chọn đáp án | K26: An có 3 viên bi, Bình có 2 viên. Cả hai có bao nhiêu viên? | L26: 3 − 2 = 1 | M26: 3 + 2 = 5 | N26: 3 = 2 | Q26: B | R26: Gộp số bi: 3 + 2 = 5. | S26: "Cả hai" là gộp lại, ta chọn phép cộng: 3 + 2 = 5. | T26: 60 | U26: =INDEX(Khung_cap_do!$H$2:$H$6,F26) | V26: 1 | W26: 7 | X26: T1.PT.07 | Y26: TOAN.LOIVAN | Z26: Bộ mẫu | AB26: Đã học cộng trong phạm vi 5. | AC26: Khó hơn ở việc chọn phép tính, không phải kiến thức mới. | AD26: Chương trình GDPT 2018 / kế hoạch dạy học của trường; đối chiếu văn bản hiện hành | AE26: Bản mẫu — cần rà soát | AF26: Chờ giáo viên duyệt
A27: EC1-011 | B27: Toán | C27: 1 | D27: Sau khi học dãy số | E27: Quy luật | F27: 4 | G27: Thử thách | J27: Chọn đáp án | K27: Dãy 1, 2, 1, 2, __. Số tiếp theo là gì? | L27: 1 | M27: 3 | N27: 4 | Q27: A | R27: Dãy lặp lại 1 rồi 2. | S27: Các số lặp lại theo nhóm "1, 2". Sau 2 lại là 1. | T27: 60 | U27: =INDEX(Khung_cap_do!$H$2:$H$6,F27) | V27: 1 | W27: 8 | X27: T1.SO.01 | Y27: TOAN.SOTHIEU | Z27: Bộ mẫu | AB27: Đọc được các số trong dãy. | AC27: Bài mở rộng; không thay thế nội dung cốt lõi. | AD27: Chương trình GDPT 2018 / kế hoạch dạy học của trường; đối chiếu văn bản hiện hành | AE27: Bản mẫu — cần rà soát | AF27: Chờ giáo viên duyệt
A28: EC1-059 | B28: Toán | C28: 1 | D28: Sau khi học phép trừ trong phạm vi 10 | E28: Chọn phép tính | F28: 4 | G28: Thử thách | J28: Chọn đáp án | K28: Có 7 bạn đang chơi, 2 bạn về nhà. Phép tính nào đúng? | L28: 7 + 2 = 9 | M28: 7 − 2 = 5 | N28: 5 − 2 = 3 | Q28: B | R28: Về nhà là bớt đi: 7 − 2 = 5. | S28: Lúc đầu có 7 bạn, 2 bạn về nhà nên bớt đi 2: 7 − 2 = 5. | T28: 60 | U28: =INDEX(Khung_cap_do!$H$2:$H$6,F28) | V28: 2 | W28: 7 | X28: T1.PT.07 | Y28: TOAN.LOIVAN | Z28: Soạn thêm | AB28: Đã học trừ và bài toán có lời văn đơn giản. | AC28: Chương trình GDPT 2018 – Toán 1; đối chiếu SGK Kết nối tri thức. | AD28: EduChain Kids soạn thêm (2026-10); bám chương trình GDPT 2018 và trình tự SGK đã chọn | AE28: Bản soạn mới — cần rà soát | AF28: Chờ giáo viên duyệt
A29: EC1-060 | B29: Toán | C29: 1 | D29: Sau khi học phép cộng trong phạm vi 10 | E29: Tìm số còn thiếu | F29: 4 | G29: Thử thách | J29: Điền đáp án | K29: Điền số còn thiếu: 3 + ... = 8 | Q29: 5 / năm | R29: 3 + 5 = 8. | S29: Đếm thêm từ 3 đến 8: 4, 5, 6, 7, 8 là 5 bước. Vậy 3 + 5 = 8. | T29: 70 | U29: =INDEX(Khung_cap_do!$H$2:$H$6,F29) | V29: 2 | W29: 8 | X29: T1.PT.02 | Y29: TOAN.SOTHIEU | Z29: Soạn thêm | AB29: Đã học cộng trong phạm vi 10. | AC29: Chương trình GDPT 2018 – Toán 1; đối chiếu SGK Kết nối tri thức. | AD29: EduChain Kids soạn thêm (2026-10); bám chương trình GDPT 2018 và trình tự SGK đã chọn | AE29: Bản soạn mới — cần rà soát | AF29: Chờ giáo viên duyệt
A30: EC1-061 | B30: Toán | C30: 1 | D30: Sau khi học các số 0–10 | E30: Quy luật dãy số | F30: 4 | G30: Thử thách | J30: Điền đáp án | K30: Dãy số: 2, 4, 6, ... Số tiếp theo là số mấy? | Q30: 8 / tám | R30: Mỗi lần thêm 2: 6 + 2 = 8. | S30: 2 lên 4 thêm 2, 4 lên 6 thêm 2. Vậy sau 6 là 6 + 2 = 8. | T30: 70 | U30: =INDEX(Khung_cap_do!$H$2:$H$6,F30) | V30: 3 | W30: 7 | X30: T1.SO.01 | Y30: TOAN.SOTHIEU | Z30: Soạn thêm | AB30: Đã học đếm, cộng trong phạm vi 10. | AC30: Chương trình GDPT 2018 – Toán 1; đối chiếu SGK Kết nối tri thức. | AD30: EduChain Kids soạn thêm (2026-10); bám chương trình GDPT 2018 và trình tự SGK đã chọn | AE30: Bản soạn mới — cần rà soát | AF30: Chờ giáo viên duyệt
A31: EC1-062 | B31: Toán | C31: 1 | D31: Sau khi học cộng, trừ trong phạm vi 10 | E31: So sánh kết quả phép tính | F31: 4 | G31: Thử thách | J31: Đúng / Sai | K31: 4 + 3 = 9 − 2 | L31: Đúng | M31: Sai | Q31: A | R31: 4 + 3 = 7 và 9 − 2 = 7, hai bên bằng nhau. | S31: Tính bên trái: 4 + 3 = 7. Tính bên phải: 9 − 2 = 7. Hai bên đều bằng 7 nên đúng. | T31: 60 | U31: =INDEX(Khung_cap_do!$H$2:$H$6,F31) | V31: 3 | W31: 8 | X31: T1.PT.02 | Y31: TOAN.DUNGSAI | Z31: Soạn thêm | AB31: Đã học cộng, trừ trong phạm vi 10. | AC31: Chương trình GDPT 2018 – Toán 1; đối chiếu SGK Kết nối tri thức. | AD31: EduChain Kids soạn thêm (2026-10); bám chương trình GDPT 2018 và trình tự SGK đã chọn | AE31: Bản soạn mới — cần rà soát | AF31: Chờ giáo viên duyệt
A32: EC1-063 | B32: Toán | C32: 1 | D32: Sau khi học tính có hai dấu phép tính | E32: Toán có lời văn hai bước | F32: 4 | G32: Thử thách | J32: Điền đáp án | K32: Có 10 quả táo. Mẹ biếu bà 3 quả, cho bé 2 quả. Còn lại mấy quả? | Q32: 5 / năm | R32: 10 − 3 − 2 = 5. | S32: Biếu bà 3 quả: 10 − 3 = 7. Cho bé 2 quả: 7 − 2 = 5. Còn lại 5 quả. | T32: 80 | U32: =INDEX(Khung_cap_do!$H$2:$H$6,F32) | V32: 4 | W32: 7 | X32: T1.PT.06 | Y32: TOAN.LOIVAN | Z32: Soạn thêm | AB32: Đã làm quen phép tính có hai dấu. | AC32: Chương trình GDPT 2018 – Toán 1; đối chiếu SGK Kết nối tri thức. | AD32: EduChain Kids soạn thêm (2026-10); bám chương trình GDPT 2018 và trình tự SGK đã chọn | AE32: Bản soạn mới — cần rà soát | AF32: Chờ giáo viên duyệt
A33: EC1-064 | B33: Toán | C33: 1 | D33: Sau khi học phép cộng trong phạm vi 10 | E33: Lập phép tính | F33: 4 | G33: Thử thách | J33: Chọn đáp án | K33: Dùng 3 số 2, 5, 7 lập phép tính đúng. | L33: 2 + 5 = 7 | M33: 5 + 7 = 2 | N33: 2 + 7 = 5 | Q33: A | R33: 2 + 5 = 7 là phép tính đúng. | S33: Thử từng phép: 2 + 5 = 7 đúng; 5 + 7 không bằng 2; 2 + 7 không bằng 5. | T33: 60 | U33: =INDEX(Khung_cap_do!$H$2:$H$6,F33) | V33: 4 | W33: 8 | X33: T1.PT.02 | Y33: TOAN.TINH | Z33: Soạn thêm | AB33: Đã học cộng trong phạm vi 10. | AC33: Chương trình GDPT 2018 – Toán 1; đối chiếu SGK Kết nối tri thức. | AD33: EduChain Kids soạn thêm (2026-10); bám chương trình GDPT 2018 và trình tự SGK đã chọn | AE33: Bản soạn mới — cần rà soát | AF33: Chờ giáo viên duyệt
A34: EC1-013 | B34: Toán | C34: 1 | D34: Sau khi học tách/gộp số | E34: Lập luận số | F34: 5 | G34: Mở rộng | J34: Trả lời ngắn | K34: Có 5 khối. Chia thành 2 nhóm, mỗi nhóm ít nhất 1 khối. Nêu một cách chia. | Q34: Ví dụ: 1 và 4; 2 và 3. | R34: Chấp nhận mọi cách chia hợp lệ thành hai nhóm không rỗng. | S34: Hai nhóm gộp lại phải bằng 5: 1 + 4 = 5, 2 + 3 = 5. Còn 2 + 2 = 4 và 3 + 3 = 6 không đúng. | T34: 95 | U34: =INDEX(Khung_cap_do!$H$2:$H$6,F34) | V34: 1 | W34: 9 | X34: T1.PT.01 | Y34: TOAN.TINH | Z34: Bộ mẫu | AA34: [Chọn nhiều đáp án] Có 5 khối, chia thành 2 nhóm (mỗi nhóm ít nhất 1 khối). Chọn TẤT CẢ cách chia đúng. A. 1 và 4 | B. 2 và 3 | C. 2 và 2 | D. 3 và 3 Đáp án: A, B Ghi chú: Bản app chuyển câu trả lời mở thành "chọn tất cả cách chia đúng" để chấm tự động. | AB34: Đã học tách/gộp số. | AC34: Mở rộng nội bộ; cần rubric, không phải chuẩn chính thức. | AD34: Chương trình GDPT 2018 / kế hoạch dạy học của trường; đối chiếu văn bản hiện hành | AE34: Bản mẫu — cần rà soát | AF34: Chờ giáo viên duyệt
A35: EC1-014 | B35: Toán | C35: 1 | D35: Sau khi học quan hệ số lượng | E35: Chọn chiến lược | F35: 5 | G35: Mở rộng | J35: Trả lời ngắn | K35: Có 4 chiếc cốc và 3 bông hoa. Còn thiếu mấy bông để mỗi cốc có một bông? | Q35: 1 | R35: 4 − 3 = 1; còn thiếu 1 bông. | S35: Cắm mỗi cốc một bông: 3 bông cắm được 3 cốc, còn 1 cốc chưa có hoa. 4 − 3 = 1. | T35: 95 | U35: =INDEX(Khung_cap_do!$H$2:$H$6,F35) | V35: 1 | W35: 10 | X35: T1.PT.03 | Y35: TOAN.LOIVAN | Z35: Bộ mẫu | AA35: [Điền đáp án] Có 4 chiếc cốc và 3 bông hoa. Còn thiếu mấy bông để mỗi cốc có một bông? Đáp án: 1 / một Ghi chú: Bản app chấm theo dạng điền số (chấp nhận "1" hoặc "một"). | AB35: Đã học đếm và quan hệ số lượng tương ứng. | AC35: Tình huống mở rộng trên kiến thức đã học. | AD35: Chương trình GDPT 2018 / kế hoạch dạy học của trường; đối chiếu văn bản hiện hành | AE35: Bản mẫu — cần rà soát | AF35: Chờ giáo viên duyệt
A36: EC1-065 | B36: Toán | C36: 1 | D36: Sau khi học tách, gộp số | E36: Tách – gộp số | F36: 5 | G36: Mở rộng | J36: Chọn nhiều đáp án | K36: Chọn TẤT CẢ cặp số cộng lại bằng 7. | L36: 1 và 6 | M36: 2 và 5 | N36: 3 và 3 | O36: 4 và 3 | Q36: A, B, D | R36: 1 + 6 = 7; 2 + 5 = 7; 4 + 3 = 7; còn 3 + 3 = 6. | S36: Cộng từng cặp: 1 + 6 = 7, 2 + 5 = 7, 3 + 3 = 6, 4 + 3 = 7. | T36: 85 | U36: =INDEX(Khung_cap_do!$H$2:$H$6,F36) | V36: 2 | W36: 9 | X36: T1.PT.02 | Y36: TOAN.TINH | Z36: Soạn thêm | AB36: Đã học cộng trong phạm vi 10. | AC36: Chương trình GDPT 2018 – Toán 1; đối chiếu SGK Kết nối tri thức. | AD36: EduChain Kids soạn thêm (2026-10); bám chương trình GDPT 2018 và trình tự SGK đã chọn | AE36: Bản soạn mới — cần rà soát | AF36: Chờ giáo viên duyệt
A37: EC1-066 | B37: Toán | C37: 1 | D37: Sau khi học cộng, trừ trong phạm vi 10 | E37: Lập luận số | F37: 5 | G37: Mở rộng | J37: Điền đáp án | K37: Nam nghĩ một số. Lấy số đó cộng 3 thì được 9. Nam nghĩ số mấy? | Q37: 6 / sáu | R37: 6 + 3 = 9. | S37: Ta cần số ... + 3 = 9. Lấy 9 − 3 = 6. Thử lại: 6 + 3 = 9. | T37: 95 | U37: =INDEX(Khung_cap_do!$H$2:$H$6,F37) | V37: 2 | W37: 10 | X37: T1.PT.02 | Y37: TOAN.SOTHIEU | Z37: Soạn thêm | AB37: Đã học quan hệ cộng – trừ. | AC37: Chương trình GDPT 2018 – Toán 1; đối chiếu SGK Kết nối tri thức. | AD37: EduChain Kids soạn thêm (2026-10); bám chương trình GDPT 2018 và trình tự SGK đã chọn | AE37: Bản soạn mới — cần rà soát | AF37: Chờ giáo viên duyệt
A38: EC1-067 | B38: Toán | C38: 1 | D38: Sau khi học vị trí trước – sau | E38: Vị trí, thứ tự | F38: 5 | G38: Mở rộng | J38: Chọn đáp án | K38: Có 6 bạn xếp hàng. Mai đứng thứ 2 tính từ đầu hàng. Sau Mai có mấy bạn? | L38: 3 | M38: 4 | N38: 5 | Q38: B | R38: Trước Mai có 1 bạn, Mai là 1 bạn: 6 − 2 = 4. | S38: Tính từ đầu hàng có bạn thứ nhất và Mai là 2 bạn. Còn lại 6 − 2 = 4 bạn đứng sau Mai. | T38: 85 | U38: =INDEX(Khung_cap_do!$H$2:$H$6,F38) | V38: 3 | W38: 9 | X38: T1.HH.01 | Y38: TOAN.LOIVAN | Z38: Soạn thêm | AB38: Đã học trước – sau và trừ trong phạm vi 10. | AC38: Chương trình GDPT 2018 – Toán 1; đối chiếu SGK Kết nối tri thức. | AD38: EduChain Kids soạn thêm (2026-10); bám chương trình GDPT 2018 và trình tự SGK đã chọn | AE38: Bản soạn mới — cần rà soát | AF38: Chờ giáo viên duyệt
A39: EC1-068 | B39: Toán | C39: 1 | D39: Sau khi học cộng, trừ trong phạm vi 10 | E39: Tìm số còn thiếu | F39: 5 | G39: Mở rộng | J39: Điền đáp án | K39: Điền số: 10 − ... = 4 + 2 | Q39: 4 / bốn | R39: 4 + 2 = 6 và 10 − 4 = 6. | S39: Tính bên phải: 4 + 2 = 6. Cần 10 − ... = 6. Lấy 10 − 6 = 4. | T39: 85 | U39: =INDEX(Khung_cap_do!$H$2:$H$6,F39) | V39: 3 | W39: 10 | X39: T1.PT.06 | Y39: TOAN.SOTHIEU | Z39: Soạn thêm | AB39: Đã học cộng, trừ trong phạm vi 10. | AC39: Chương trình GDPT 2018 – Toán 1; đối chiếu SGK Kết nối tri thức. | AD39: EduChain Kids soạn thêm (2026-10); bám chương trình GDPT 2018 và trình tự SGK đã chọn | AE39: Bản soạn mới — cần rà soát | AF39: Chờ giáo viên duyệt
A40: EC1-069 | B40: Toán | C40: 1 | D40: Sau khi học cộng, trừ và so sánh số | E40: Tính rồi so sánh | F40: 5 | G40: Mở rộng | J40: Sắp xếp | K40: Xếp các phép tính theo kết quả từ bé đến lớn. (Các mục: 1 + 2 / 3 + 2 / 5 − 4 / 9 − 1) | Q40: 5 − 4 → 1 + 2 → 3 + 2 → 9 − 1 | R40: Kết quả lần lượt 1, 3, 5, 8. | S40: Tính trước: 5 − 4 = 1; 1 + 2 = 3; 3 + 2 = 5; 9 − 1 = 8. Xếp 1, 3, 5, 8. | T40: 90 | U40: =INDEX(Khung_cap_do!$H$2:$H$6,F40) | V40: 4 | W40: 9 | X40: T1.SO.02 | Y40: TOAN.SAPXEP | Z40: Soạn thêm | AB40: Đã học cộng, trừ, so sánh trong phạm vi 10. | AC40: Chương trình GDPT 2018 – Toán 1; đối chiếu SGK Kết nối tri thức. | AD40: EduChain Kids soạn thêm (2026-10); bám chương trình GDPT 2018 và trình tự SGK đã chọn | AE40: Bản soạn mới — cần rà soát | AF40: Chờ giáo viên duyệt
A41: EC1-070 | B41: Toán | C41: 1 | D41: Sau khi học tính có hai dấu phép tính | E41: Giải quyết vấn đề | F41: 5 | G41: Mở rộng | J41: Đúng / Sai | K41: Một con gà có 2 chân. 3 con gà có tất cả 6 chân. | L41: Đúng | M41: Sai | Q41: A | R41: 2 + 2 + 2 = 6. | S41: Mỗi con 2 chân, 3 con: 2 + 2 + 2 = 6 chân. Câu đúng. | T41: 75 | U41: =INDEX(Khung_cap_do!$H$2:$H$6,F41) | V41: 4 | W41: 10 | X41: T1.PT.03 | Y41: TOAN.DUNGSAI | Z41: Soạn thêm | AB41: Đã làm quen phép tính có hai dấu. | AC41: Chương trình GDPT 2018 – Toán 1; đối chiếu SGK Kết nối tri thức. | AD41: EduChain Kids soạn thêm (2026-10); bám chương trình GDPT 2018 và trình tự SGK đã chọn | AE41: Bản soạn mới — cần rà soát | AF41: Chờ giáo viên duyệt

Sheet TiengViet_L1-L5
A1: ID | B1: Môn học | C1: Lớp | D1: Giai đoạn gợi ý | E1: Chủ đề / kỹ năng | F1: Cấp độ | G1: Tên cấp độ | H1: Cấp độ cũ (bộ mẫu) | I1: Lý do điều chỉnh cấp độ | J1: Loại câu hỏi | K1: Câu hỏi / nhiệm vụ | L1: Lựa chọn A | M1: Lựa chọn B | N1: Lựa chọn C | O1: Lựa chọn D | P1: Lựa chọn E | Q1: Đáp án đúng | R1: Lời giải / phản hồi | S1: Lời giải chi tiết | T1: Thời gian (giây) | U1: Điểm khi đúng | V1: Đề ôn | W1: Thứ tự trong đề | X1: Mã YCCĐ | Y1: Mã dạng bài | Z1: Nguồn câu | AA1: Bản dùng trong app (nếu khác câu gốc) | AB1: Điều kiện tiên quyết | AC1: Căn cứ chương trình / lưu ý đối chiếu | AD1: Nguồn / phạm vi | AE1: Trạng thái nội dung | AF1: Trạng thái giáo viên | AG1: Ghi chú kiểm duyệt
A2: EC1-016 | B2: Tiếng Việt | C2: 1 | D2: Sau khi học chữ tương ứng | E2: Nhận diện chữ | F2: 1 | G2: Làm quen | J2: Chọn đáp án | K2: Chọn chữ a. | L2: a | M2: o | N2: e | Q2: A | R2: Chữ cần tìm là a. | T2: 30 | U2: =INDEX(Khung_cap_do!$H$2:$H$6,F2) | V2: 1 | W2: 1 | X2: V1.AM.01 | Y2: TV.AMCHU | Z2: Bộ mẫu | AB2: Chữ a đã được dạy. | AC2: Gắn với tiến trình âm/chữ thực tế. | AD2: Chương trình GDPT 2018 / kế hoạch dạy học của trường; đối chiếu văn bản hiện hành | AE2: Bản mẫu — cần rà soát | AF2: Chờ giáo viên duyệt
A3: EC1-017 | B3: Tiếng Việt | C3: 1 | D3: Sau khi học chữ tương ứng | E3: Chữ đầu từ | F3: 1 | G3: Làm quen | J3: Chọn đáp án | K3: Từ nào bắt đầu bằng chữ b? | L3: bò | M3: cá | N3: gà | Q3: A | R3: “Bò” bắt đầu bằng chữ b. | T3: 30 | U3: =INDEX(Khung_cap_do!$H$2:$H$6,F3) | V3: 1 | W3: 2 | X3: V1.AM.01 | Y3: TV.AMCHU | Z3: Bộ mẫu | AB3: Chữ b và các từ lựa chọn đã được học. | AC3: Rà soát từ vựng theo SGK. | AD3: Chương trình GDPT 2018 / kế hoạch dạy học của trường; đối chiếu văn bản hiện hành | AE3: Bản mẫu — cần rà soát | AF3: Chờ giáo viên duyệt
A4: EC1-018 | B4: Tiếng Việt | C4: 1 | D4: Sau khi học dấu sắc | E4: Thanh điệu | F4: 1 | G4: Làm quen | J4: Chọn đáp án | K4: Chọn tiếng có dấu sắc. | L4: bé | M4: ba | N4: bà | Q4: A | R4: “Bé” mang dấu sắc. | T4: 30 | U4: =INDEX(Khung_cap_do!$H$2:$H$6,F4) | V4: 2 | W4: 1 | X4: V1.AM.02 | Y4: TV.DAUTHANH | Z4: Bộ mẫu | AB4: Đã học dấu sắc và các tiếng so sánh. | AC4: Chỉ dùng sau khi học dấu sắc. | AD4: Chương trình GDPT 2018 / kế hoạch dạy học của trường; đối chiếu văn bản hiện hành | AE4: Bản mẫu — cần rà soát | AF4: Chờ giáo viên duyệt
A5: EC1-071 | B5: Tiếng Việt | C5: 1 | D5: Sau khi học chữ m | E5: Nhận diện chữ | F5: 1 | G5: Làm quen | J5: Chọn đáp án | K5: Chọn chữ m. | L5: m | M5: n | N5: h | Q5: A | R5: Chữ cần tìm là m. | T5: 30 | U5: =INDEX(Khung_cap_do!$H$2:$H$6,F5) | V5: 2 | W5: 2 | X5: V1.AM.01 | Y5: TV.AMCHU | Z5: Soạn thêm | AB5: Đã học chữ m, n, h. | AC5: Chương trình GDPT 2018 – Tiếng Việt 1; đối chiếu SGK Kết nối tri thức (Tập 1). | AD5: EduChain Kids soạn thêm (2026-10); bám chương trình GDPT 2018 và trình tự SGK đã chọn | AE5: Bản soạn mới — cần rà soát | AF5: Chờ giáo viên duyệt
A6: EC1-072 | B6: Tiếng Việt | C6: 1 | D6: Sau khi học chữ c | E6: Chữ đầu tiếng | F6: 1 | G6: Làm quen | J6: Chọn đáp án | K6: Tiếng "cá" bắt đầu bằng chữ nào? | L6: c | M6: a | N6: k | Q6: A | R6: "Cá" gồm c và a, dấu sắc. | T6: 30 | U6: =INDEX(Khung_cap_do!$H$2:$H$6,F6) | V6: 3 | W6: 1 | X6: V1.AM.01 | Y6: TV.AMCHU | Z6: Soạn thêm | AB6: Đã học c, a và dấu sắc. | AC6: Chương trình GDPT 2018 – Tiếng Việt 1; đối chiếu SGK Kết nối tri thức (Tập 1). | AD6: EduChain Kids soạn thêm (2026-10); bám chương trình GDPT 2018 và trình tự SGK đã chọn | AE6: Bản soạn mới — cần rà soát | AF6: Chờ giáo viên duyệt
A7: EC1-073 | B7: Tiếng Việt | C7: 1 | D7: Sau khi học dấu huyền | E7: Thanh điệu | F7: 1 | G7: Làm quen | J7: Chọn đáp án | K7: Chọn tiếng có dấu huyền. | L7: bà | M7: bá | N7: bạ | Q7: A | R7: "Bà" mang dấu huyền. | T7: 30 | U7: =INDEX(Khung_cap_do!$H$2:$H$6,F7) | V7: 3 | W7: 2 | X7: V1.AM.02 | Y7: TV.DAUTHANH | Z7: Soạn thêm | AB7: Đã học dấu huyền, sắc, nặng. | AC7: Chương trình GDPT 2018 – Tiếng Việt 1; đối chiếu SGK Kết nối tri thức (Tập 1). | AD7: EduChain Kids soạn thêm (2026-10); bám chương trình GDPT 2018 và trình tự SGK đã chọn | AE7: Bản soạn mới — cần rà soát | AF7: Chờ giáo viên duyệt
A8: EC1-074 | B8: Tiếng Việt | C8: 1 | D8: Sau khi học dấu nặng | E8: Thanh điệu | F8: 1 | G8: Làm quen | J8: Đúng / Sai | K8: Tiếng "mẹ" có dấu nặng. | L8: Đúng | M8: Sai | Q8: A | R8: Dấu nặng đặt dưới chữ e trong "mẹ". | T8: 30 | U8: =INDEX(Khung_cap_do!$H$2:$H$6,F8) | V8: 4 | W8: 1 | X8: V1.AM.02 | Y8: TV.DAUTHANH | Z8: Soạn thêm | AB8: Đã học m, e và dấu nặng. | AC8: Chương trình GDPT 2018 – Tiếng Việt 1; đối chiếu SGK Kết nối tri thức (Tập 1). | AD8: EduChain Kids soạn thêm (2026-10); bám chương trình GDPT 2018 và trình tự SGK đã chọn | AE8: Bản soạn mới — cần rà soát | AF8: Chờ giáo viên duyệt
A9: EC1-075 | B9: Tiếng Việt | C9: 1 | D9: Sau khi học vần eo | E9: Nhận diện vần | F9: 1 | G9: Làm quen | J9: Chọn đáp án | K9: Tiếng "mèo" có vần gì? | L9: eo | M9: ao | N9: au | Q9: A | R9: "Mèo" = m + eo + dấu huyền. | T9: 30 | U9: =INDEX(Khung_cap_do!$H$2:$H$6,F9) | V9: 4 | W9: 2 | X9: V1.AM.03 | Y9: TV.GHEPVAN | Z9: Soạn thêm | AB9: Đã học vần ao, eo, au. | AC9: Chương trình GDPT 2018 – Tiếng Việt 1; đối chiếu SGK Kết nối tri thức (Tập 1). | AD9: EduChain Kids soạn thêm (2026-10); bám chương trình GDPT 2018 và trình tự SGK đã chọn | AE9: Bản soạn mới — cần rà soát | AF9: Chờ giáo viên duyệt
A10: EC1-019 | B10: Tiếng Việt | C10: 1 | D10: Sau khi học chữ để ghép tiếng | E10: Ghép tiếng | F10: 2 | G10: Cơ bản | J10: Chọn đáp án | K10: Chọn tiếng ghép được từ b và a. | L10: ba | M10: ca | N10: ma | Q10: A | R10: b ghép với a tạo thành “ba”. | T10: 40 | U10: =INDEX(Khung_cap_do!$H$2:$H$6,F10) | V10: 1 | W10: 3 | X10: V1.DOC.01 | Y10: TV.GHEPVAN | Z10: Bộ mẫu | AB10: Các chữ và thao tác ghép tiếng đã học. | AC10: Đối chiếu bài đã học. | AD10: Chương trình GDPT 2018 / kế hoạch dạy học của trường; đối chiếu văn bản hiện hành | AE10: Bản mẫu — cần rà soát | AF10: Chờ giáo viên duyệt
A11: EC1-020 | B11: Tiếng Việt | C11: 1 | D11: Sau khi học từ tương ứng | E11: Đọc từ | F11: 2 | G11: Cơ bản | J11: Chọn đáp án | K11: Từ nào chỉ một con vật? | L11: mèo | M11: bàn | N11: bút | Q11: A | R11: Mèo là tên một con vật. | T11: 40 | U11: =INDEX(Khung_cap_do!$H$2:$H$6,F11) | V11: 1 | W11: 4 | X11: V1.VIET.04 | Y11: TV.TUNGU | Z11: Bộ mẫu | AB11: Học sinh đọc được từ hoặc có hỗ trợ âm thanh. | AC11: Tránh kiểm tra vốn từ ngoài chương trình. | AD11: Chương trình GDPT 2018 / kế hoạch dạy học của trường; đối chiếu văn bản hiện hành | AE11: Bản mẫu — cần rà soát | AF11: Chờ giáo viên duyệt
A12: EC1-021 | B12: Tiếng Việt | C12: 1 | D12: Sau khi học câu ngắn | E12: Hiểu câu | F12: 2 | G12: Cơ bản | J12: Chọn đáp án | K12: Câu “Bé đá bóng.” nói về việc gì? | L12: Bé đá bóng | M12: Bé ngủ | N12: Bé ăn cơm | Q12: A | R12: Câu nêu việc bé đá bóng. | T12: 40 | U12: =INDEX(Khung_cap_do!$H$2:$H$6,F12) | V12: 2 | W12: 3 | X12: V1.DOC.04 | Y12: TV.DOCHIEU | Z12: Bộ mẫu | AA12: [Chọn đáp án] Câu "Bé đá bóng." nói về việc gì? A. Bé đá bóng | B. Bé ngủ | C. Bé ăn cơm Đáp án: A | AB12: Học sinh đọc/nghe được câu. | AC12: Câu ngắn, từ vựng quen thuộc. | AD12: Chương trình GDPT 2018 / kế hoạch dạy học của trường; đối chiếu văn bản hiện hành | AE12: Bản mẫu — cần rà soát | AF12: Chờ giáo viên duyệt
A13: EC1-024 | B13: Tiếng Việt | C13: 1 | D13: Sau khi học từ chỉ đặc điểm | E13: Từ ngữ | F13: 2 | G13: Cơ bản | H13: 3 | I13: Chỉ nhận biết nghĩa một từ quen thuộc, xếp L2. | J13: Chọn đáp án | K13: Chọn từ chỉ màu sắc. | L13: đỏ | M13: chạy | N13: ngủ | Q13: A | R13: “Đỏ” chỉ màu sắc. | T13: 40 | U13: =INDEX(Khung_cap_do!$H$2:$H$6,F13) | V13: 2 | W13: 4 | X13: V1.VIET.04 | Y13: TV.TUNGU | Z13: Bộ mẫu | AB13: Từ và khái niệm đã được giới thiệu. | AC13: Giáo viên xác nhận thuật ngữ phù hợp. | AD13: Chương trình GDPT 2018 / kế hoạch dạy học của trường; đối chiếu văn bản hiện hành | AE13: Bản mẫu — cần rà soát | AF13: Chờ giáo viên duyệt
A14: EC1-076 | B14: Tiếng Việt | C14: 1 | D14: Sau khi học quy tắc c/k | E14: Chính tả c/k | F14: 2 | G14: Cơ bản | J14: Điền đáp án | K14: Điền c hoặc k: cái ...ẹo | Q14: k | R14: Viết k trước e, ê, i: cái kẹo. | T14: 50 | U14: =INDEX(Khung_cap_do!$H$2:$H$6,F14) | V14: 3 | W14: 3 | X14: V1.AM.04 | Y14: TV.CHINHTA | Z14: Soạn thêm | AB14: Đã học c, k và quy tắc viết k trước e, ê, i. | AC14: Chương trình GDPT 2018 – Tiếng Việt 1; đối chiếu SGK Kết nối tri thức (Tập 1). | AD14: EduChain Kids soạn thêm (2026-10); bám chương trình GDPT 2018 và trình tự SGK đã chọn | AE14: Bản soạn mới — cần rà soát | AF14: Chờ giáo viên duyệt
A15: EC1-077 | B15: Tiếng Việt | C15: 1 | D15: Sau khi học các chữ c, g, b | E15: Đọc tiếng – nối tranh | F15: 2 | G15: Cơ bản | J15: Ghép cặp | K15: Nối tranh với tiếng. (Vế trái: 🐟 / 🐔 / 🐄 · Vế phải: bò / cá / gà) | Q15: 🐟 – cá; 🐔 – gà; 🐄 – bò | R15: 🐟 cá, 🐔 gà, 🐄 bò. | T15: 55 | U15: =INDEX(Khung_cap_do!$H$2:$H$6,F15) | V15: 3 | W15: 4 | X15: V1.DOC.05 | Y15: TV.NOITU | Z15: Soạn thêm | AB15: Đã đọc được cá, gà, bò. | AC15: Chương trình GDPT 2018 – Tiếng Việt 1; đối chiếu SGK Kết nối tri thức (Tập 1). | AD15: EduChain Kids soạn thêm (2026-10); bám chương trình GDPT 2018 và trình tự SGK đã chọn | AE15: Bản soạn mới — cần rà soát | AF15: Chờ giáo viên duyệt
A16: EC1-078 | B16: Tiếng Việt | C16: 1 | D16: Sau khi học vần ut, i | E16: Từ ngữ | F16: 2 | G16: Cơ bản | J16: Chọn đáp án | K16: Từ nào chỉ đồ dùng học tập? | L16: bút chì | M16: con cò | N16: quả na | Q16: A | R16: Bút chì là đồ dùng học tập. | T16: 40 | U16: =INDEX(Khung_cap_do!$H$2:$H$6,F16) | V16: 4 | W16: 3 | X16: V1.VIET.04 | Y16: TV.TUNGU | Z16: Soạn thêm | AB16: Đã đọc được bút chì, con cò, quả na. | AC16: Chương trình GDPT 2018 – Tiếng Việt 1; đối chiếu SGK Kết nối tri thức (Tập 1). | AD16: EduChain Kids soạn thêm (2026-10); bám chương trình GDPT 2018 và trình tự SGK đã chọn | AE16: Bản soạn mới — cần rà soát | AF16: Chờ giáo viên duyệt
A17: EC1-079 | B17: Tiếng Việt | C17: 1 | D17: Sau khi học chữ g | E17: Ghép tiếng | F17: 2 | G17: Cơ bản | J17: Điền đáp án | K17: g ghép với a, thêm dấu huyền, được tiếng gì? | Q17: gà | R17: g + a + dấu huyền = gà. | T17: 50 | U17: =INDEX(Khung_cap_do!$H$2:$H$6,F17) | V17: 4 | W17: 4 | X17: V1.DOC.01 | Y17: TV.GHEPVAN | Z17: Soạn thêm | AB17: Đã học g, a, dấu huyền. | AC17: Chương trình GDPT 2018 – Tiếng Việt 1; đối chiếu SGK Kết nối tri thức (Tập 1). | AD17: EduChain Kids soạn thêm (2026-10); bám chương trình GDPT 2018 và trình tự SGK đã chọn | AE17: Bản soạn mới — cần rà soát | AF17: Chờ giáo viên duyệt
A18: EC1-022 | B18: Tiếng Việt | C18: 1 | D18: Sau khi học các tiếng trong câu | E18: Sắp xếp tiếng | F18: 3 | G18: Vận dụng | J18: Sắp xếp | K18: Sắp xếp thành câu: “đọc / Lan / sách”. | Q18: Lan đọc sách. | R18: Sắp xếp thành câu có nghĩa. | S18: Câu cho biết ai (Lan) làm gì (đọc sách). Chữ đầu câu viết hoa: Lan đọc sách. | T18: 65 | U18: =INDEX(Khung_cap_do!$H$2:$H$6,F18) | V18: 1 | W18: 5 | X18: V1.VIET.03 | Y18: TV.XEPCAU | Z18: Bộ mẫu | AA18: [Sắp xếp] Sắp xếp thành câu: "đọc / Lan / sách". Đáp án: Lan → đọc → sách | AB18: Các tiếng đã học; đã làm quen câu đơn giản. | AC18: Đề xuất bài tập; giáo viên duyệt. | AD18: Chương trình GDPT 2018 / kế hoạch dạy học của trường; đối chiếu văn bản hiện hành | AE18: Bản mẫu — cần rà soát | AF18: Chờ giáo viên duyệt
A19: EC1-023 | B19: Tiếng Việt | C19: 1 | D19: Sau khi học câu ngắn | E19: Đọc hiểu | F19: 3 | G19: Vận dụng | J19: Chọn đáp án | K19: Đọc: “Nam tưới cây.” Ai tưới cây? | L19: Nam | M19: Cây | N19: Không rõ | Q19: A | R19: Câu cho biết Nam là người tưới cây. | S19: Hỏi "Ai?" là hỏi người làm việc. Trong câu, người tưới cây là Nam. | T19: 50 | U19: =INDEX(Khung_cap_do!$H$2:$H$6,F19) | V19: 1 | W19: 6 | X19: V1.DOC.04 | Y19: TV.DOCHIEU | Z19: Bộ mẫu | AA19: [Chọn đáp án] Đọc: "Nam tưới cây." Ai tưới cây? A. Nam | B. Cây | C. Không rõ Đáp án: A | AB19: Đọc được câu hoặc có audio hỗ trợ. | AC19: Tìm thông tin trực tiếp. | AD19: Chương trình GDPT 2018 / kế hoạch dạy học của trường; đối chiếu văn bản hiện hành | AE19: Bản mẫu — cần rà soát | AF19: Chờ giáo viên duyệt
A20: EC1-027 | B20: Tiếng Việt | C20: 1 | D20: Sau khi học các từ đã dùng | E20: Chọn từ | F20: 3 | G20: Vận dụng | H20: 4 | I20: Chọn một từ hợp nghĩa trong câu ngắn, xếp L3. | J20: Chọn đáp án | K20: Hoàn thành câu: “Bé ___ nước.” | L20: uống | M20: xanh | N20: bàn | Q20: A | R20: “Uống” phù hợp với “nước”. | S20: Nước là thứ để uống: "Bé uống nước." Hai từ còn lại không tạo thành câu có nghĩa. | T20: 50 | U20: =INDEX(Khung_cap_do!$H$2:$H$6,F20) | V20: 2 | W20: 5 | X20: V1.VIET.06 | Y20: TV.DOCHIEU | Z20: Bộ mẫu | AA20: [Chọn đáp án] Hoàn thành câu: "Bé ___ nước." A. uống | B. xanh | C. bàn Đáp án: A | AB20: Đọc hiểu nghĩa cơ bản của các từ. | AC20: Đề xuất nội bộ; không phải chuẩn chính thức. | AD20: Chương trình GDPT 2018 / kế hoạch dạy học của trường; đối chiếu văn bản hiện hành | AE20: Bản mẫu — cần rà soát | AF20: Chờ giáo viên duyệt
A21: EC1-080 | B21: Tiếng Việt | C21: 1 | D21: Sau khi học các tiếng trong câu | E21: Sắp xếp tiếng | F21: 3 | G21: Vận dụng | J21: Sắp xếp | K21: Xếp thành câu: "bé / Mẹ / ru". (Các mục: Mẹ / bé / ru) | Q21: Mẹ → ru → bé | R21: Mẹ ru bé. | S21: Ai? – Mẹ. Làm gì? – ru bé. Chữ đầu câu viết hoa: Mẹ ru bé. | T21: 65 | U21: =INDEX(Khung_cap_do!$H$2:$H$6,F21) | V21: 2 | W21: 6 | X21: V1.VIET.03 | Y21: TV.XEPCAU | Z21: Soạn thêm | AB21: Đã đọc được mẹ, ru, bé. | AC21: Chương trình GDPT 2018 – Tiếng Việt 1; đối chiếu SGK Kết nối tri thức (Tập 1). | AD21: EduChain Kids soạn thêm (2026-10); bám chương trình GDPT 2018 và trình tự SGK đã chọn | AE21: Bản soạn mới — cần rà soát | AF21: Chờ giáo viên duyệt
A22: EC1-081 | B22: Tiếng Việt | C22: 1 | D22: Sau khi học câu ngắn | E22: Đọc hiểu | F22: 3 | G22: Vận dụng | J22: Chọn đáp án | K22: Đọc: "Bố đi làm. Mẹ đi chợ." Ai đi chợ? | L22: Mẹ | M22: Bố | N22: Bé | Q22: A | R22: Câu thứ hai: Mẹ đi chợ. | S22: Đoạn có hai câu: Bố đi làm; Mẹ đi chợ. Người đi chợ là Mẹ. | T22: 50 | U22: =INDEX(Khung_cap_do!$H$2:$H$6,F22) | V22: 3 | W22: 5 | X22: V1.DOC.04 | Y22: TV.DOCHIEU | Z22: Soạn thêm | AB22: Đã đọc được câu ngắn có các tiếng này. | AC22: Chương trình GDPT 2018 – Tiếng Việt 1; đối chiếu SGK Kết nối tri thức (Tập 1). | AD22: EduChain Kids soạn thêm (2026-10); bám chương trình GDPT 2018 và trình tự SGK đã chọn | AE22: Bản soạn mới — cần rà soát | AF22: Chờ giáo viên duyệt
A23: EC1-082 | B23: Tiếng Việt | C23: 1 | D23: Sau khi học vần ong, am | E23: Từ ngữ | F23: 3 | G23: Vận dụng | J23: Chọn nhiều đáp án | K23: Chọn TẤT CẢ từ chỉ con vật. | L23: con gà | M23: cái ghế | N23: con thỏ | O23: quả cam | Q23: A, C | R23: Gà và thỏ là con vật. | S23: Con gà, con thỏ là con vật. Cái ghế là đồ vật, quả cam là quả. | T23: 60 | U23: =INDEX(Khung_cap_do!$H$2:$H$6,F23) | V23: 3 | W23: 6 | X23: V1.VIET.04 | Y23: TV.TUNGU | Z23: Soạn thêm | AB23: Đã đọc được các từ trong lựa chọn. | AC23: Chương trình GDPT 2018 – Tiếng Việt 1; đối chiếu SGK Kết nối tri thức (Tập 1). | AD23: EduChain Kids soạn thêm (2026-10); bám chương trình GDPT 2018 và trình tự SGK đã chọn | AE23: Bản soạn mới — cần rà soát | AF23: Chờ giáo viên duyệt
A24: EC1-083 | B24: Tiếng Việt | C24: 1 | D24: Sau khi học quy tắc g/gh | E24: Chính tả g/gh | F24: 3 | G24: Vận dụng | J24: Điền đáp án | K24: Điền g hoặc gh: cái ...ế | Q24: gh | R24: Viết gh trước e, ê, i: cái ghế. | S24: Sau chữ cần điền là ê. Trước e, ê, i ta viết gh: cái ghế. | T24: 60 | U24: =INDEX(Khung_cap_do!$H$2:$H$6,F24) | V24: 4 | W24: 5 | X24: V1.AM.04 | Y24: TV.CHINHTA | Z24: Soạn thêm | AB24: Đã học g, gh và quy tắc chính tả. | AC24: Chương trình GDPT 2018 – Tiếng Việt 1; đối chiếu SGK Kết nối tri thức (Tập 1). | AD24: EduChain Kids soạn thêm (2026-10); bám chương trình GDPT 2018 và trình tự SGK đã chọn | AE24: Bản soạn mới — cần rà soát | AF24: Chờ giáo viên duyệt
A25: EC1-084 | B25: Tiếng Việt | C25: 1 | D25: Sau khi học quy tắc ng/ngh | E25: Chính tả ng/ngh | F25: 3 | G25: Vận dụng | J25: Chọn đáp án | K25: Chọn từ viết đúng chính tả. | L25: nghỉ hè | M25: ngỉ hè | Q25: A | R25: Trước i viết ngh: nghỉ hè. | S25: Trước e, ê, i ta viết ngh. Vì vậy "nghỉ" viết ngh. | T25: 50 | U25: =INDEX(Khung_cap_do!$H$2:$H$6,F25) | V25: 4 | W25: 6 | X25: V1.AM.04 | Y25: TV.CHINHTA | Z25: Soạn thêm | AB25: Đã học ng, ngh và quy tắc chính tả. | AC25: Chương trình GDPT 2018 – Tiếng Việt 1; đối chiếu SGK Kết nối tri thức (Tập 1). | AD25: EduChain Kids soạn thêm (2026-10); bám chương trình GDPT 2018 và trình tự SGK đã chọn | AE25: Bản soạn mới — cần rà soát | AF25: Chờ giáo viên duyệt
A26: EC1-025 | B26: Tiếng Việt | C26: 1 | D26: Sau khi học dấu câu | E26: Dấu câu | F26: 4 | G26: Thử thách | J26: Chọn đáp án | K26: Chọn dấu cuối câu kể: “Em yêu trường em__” | L26: . | M26: ? | N26: , | Q26: A | R26: Câu kể thông thường kết thúc bằng dấu chấm. | S26: Câu này kể lại điều em nghĩ, không phải câu hỏi, nên cuối câu dùng dấu chấm. | T26: 60 | U26: =INDEX(Khung_cap_do!$H$2:$H$6,F26) | V26: 1 | W26: 7 | X26: V1.VIET.05 | Y26: TV.DAUCAU | Z26: Bộ mẫu | AA26: [Chọn đáp án] Chọn dấu cuối câu kể: "Em yêu trường em__" A. . | B. ? | C. , Đáp án: A | AB26: Dấu câu đã được dạy. | AC26: Xác nhận mốc dạy dấu câu. | AD26: Chương trình GDPT 2018 / kế hoạch dạy học của trường; đối chiếu văn bản hiện hành | AE26: Bản mẫu — cần rà soát | AF26: Chờ giáo viên duyệt
A27: EC1-026 | B27: Tiếng Việt | C27: 1 | D27: Sau khi học đọc câu ngắn | E27: Đọc hiểu | F27: 4 | G27: Thử thách | J27: Chọn đáp án | K27: Đọc: “Trời mưa. Hà mở ô.” Vì sao Hà mở ô? | L27: Vì trời mưa | M27: Vì trời nắng | N27: Vì Hà đi ngủ | Q27: A | R27: Hai câu gợi lý do Hà mở ô. | S27: Câu đầu cho biết trời mưa, câu sau Hà mở ô. Hà mở ô để che mưa. | T27: 60 | U27: =INDEX(Khung_cap_do!$H$2:$H$6,F27) | V27: 1 | W27: 8 | X27: V1.DOC.04 | Y27: TV.DOCHIEU | Z27: Bộ mẫu | AA27: [Chọn đáp án] Đọc: "Trời mưa. Hà mở ô." Vì sao Hà mở ô? A. Vì trời mưa | B. Vì trời nắng | C. Vì Hà đi ngủ Đáp án: A | AB27: Đọc được từ và câu trong đoạn. | AC27: Giáo viên rà soát vốn từ và vùng miền. | AD27: Chương trình GDPT 2018 / kế hoạch dạy học của trường; đối chiếu văn bản hiện hành | AE27: Bản mẫu — cần rà soát | AF27: Chờ giáo viên duyệt
A28: EC1-028 | B28: Tiếng Việt | C28: 1 | D28: Sau khi luyện đọc đoạn ngắn | E28: Đọc hiểu | F28: 4 | G28: Thử thách | H28: 5 | I28: Thông tin nằm sẵn trong câu (tường minh), xếp L4. | J28: Trả lời ngắn | K28: Đọc: “Minh có một cây bút. Minh cho bạn mượn bút.” Minh đã làm gì? | Q28: Minh cho bạn mượn bút. | R28: Thông tin được nêu trực tiếp ở câu thứ hai. | S28: Câu thứ hai nói rõ: "Minh cho bạn mượn bút." | T28: 70 | U28: =INDEX(Khung_cap_do!$H$2:$H$6,F28) | V28: 2 | W28: 7 | X28: V1.DOC.04 | Y28: TV.DOCHIEU | Z28: Bộ mẫu | AA28: [Chọn đáp án] Đọc: "Minh có một cây bút. Minh cho bạn mượn bút." Minh đã làm gì? A. Cho bạn mượn bút | B. Làm mất bút | C. Mua bút mới Đáp án: A Ghi chú: Bản app chuyển câu trả lời ngắn thành chọn đáp án. | AB28: Đã học từ và câu trong đoạn. | AC28: Giáo viên duyệt độ dài và vốn từ. | AD28: Chương trình GDPT 2018 / kế hoạch dạy học của trường; đối chiếu văn bản hiện hành | AE28: Bản mẫu — cần rà soát | AF28: Chờ giáo viên duyệt
A29: EC1-085 | B29: Tiếng Việt | C29: 1 | D29: Sau khi học vần an, iêm, ôi | E29: Đọc hiểu | F29: 4 | G29: Thử thách | J29: Chọn đáp án | K29: Đọc: "Gà mẹ dẫn đàn con đi kiếm mồi." Gà mẹ dẫn ai đi? | L29: Đàn gà con | M29: Chó con | N29: Bé Na | Q29: A | R29: Gà mẹ dẫn đàn con – đàn gà con. | S29: Câu viết "dẫn đàn con": đàn con của gà mẹ là đàn gà con. | T29: 60 | U29: =INDEX(Khung_cap_do!$H$2:$H$6,F29) | V29: 2 | W29: 8 | X29: V1.DOC.04 | Y29: TV.DOCHIEU | Z29: Soạn thêm | AB29: Đã đọc được câu có vần an, iêm, ôi. | AC29: Chương trình GDPT 2018 – Tiếng Việt 1; đối chiếu SGK Kết nối tri thức (Tập 1). | AD29: EduChain Kids soạn thêm (2026-10); bám chương trình GDPT 2018 và trình tự SGK đã chọn | AE29: Bản soạn mới — cần rà soát | AF29: Chờ giáo viên duyệt
A30: EC1-086 | B30: Tiếng Việt | C30: 1 | D30: Sau khi học dấu chấm hỏi | E30: Dấu câu | F30: 4 | G30: Thử thách | J30: Chọn đáp án | K30: Chọn dấu câu cho chỗ trống: "Bạn tên là gì__" | L30: ? | M30: . | Q30: A | R30: Câu hỏi kết thúc bằng dấu chấm hỏi. | S30: Câu có "gì" để hỏi tên bạn, nên cuối câu dùng dấu chấm hỏi. | T30: 60 | U30: =INDEX(Khung_cap_do!$H$2:$H$6,F30) | V30: 3 | W30: 7 | X30: V1.VIET.05 | Y30: TV.DAUCAU | Z30: Soạn thêm | AB30: Đã học dấu chấm, dấu chấm hỏi. | AC30: Chương trình GDPT 2018 – Tiếng Việt 1; đối chiếu SGK Kết nối tri thức (Tập 1). | AD30: EduChain Kids soạn thêm (2026-10); bám chương trình GDPT 2018 và trình tự SGK đã chọn | AE30: Bản soạn mới — cần rà soát | AF30: Chờ giáo viên duyệt
A31: EC1-087 | B31: Tiếng Việt | C31: 1 | D31: Sau khi học vần ăm, ai | E31: Sắp xếp tiếng | F31: 4 | G31: Thử thách | J31: Sắp xếp | K31: Xếp thành câu: "chăm / học / Hà / bài". (Các mục: Hà / bài / chăm / học) | Q31: Hà → chăm → học → bài | R31: Hà chăm học bài. | S31: Ai? – Hà. Thế nào? – chăm học bài. Câu: Hà chăm học bài. | T31: 75 | U31: =INDEX(Khung_cap_do!$H$2:$H$6,F31) | V31: 3 | W31: 8 | X31: V1.VIET.03 | Y31: TV.XEPCAU | Z31: Soạn thêm | AB31: Đã đọc được chăm, học, bài. | AC31: Chương trình GDPT 2018 – Tiếng Việt 1; đối chiếu SGK Kết nối tri thức (Tập 1). | AD31: EduChain Kids soạn thêm (2026-10); bám chương trình GDPT 2018 và trình tự SGK đã chọn | AE31: Bản soạn mới — cần rà soát | AF31: Chờ giáo viên duyệt
A32: EC1-088 | B32: Tiếng Việt | C32: 1 | D32: Sau khi học vần ay, an, anh | E32: Từ chỉ hoạt động | F32: 4 | G32: Thử thách | J32: Chọn nhiều đáp án | K32: Chọn TẤT CẢ từ chỉ hoạt động. | L32: chạy | M32: nhảy | N32: cái bàn | O32: xanh | Q32: A, B | R32: Chạy, nhảy là hoạt động. | S32: Chạy, nhảy là việc mình làm (hoạt động). Cái bàn là đồ vật; xanh là màu sắc. | T32: 70 | U32: =INDEX(Khung_cap_do!$H$2:$H$6,F32) | V32: 4 | W32: 7 | X32: V1.VIET.04 | Y32: TV.TUNGU | Z32: Soạn thêm | AB32: Đã đọc được các từ trong lựa chọn. | AC32: Chương trình GDPT 2018 – Tiếng Việt 1; đối chiếu SGK Kết nối tri thức (Tập 1). | AD32: EduChain Kids soạn thêm (2026-10); bám chương trình GDPT 2018 và trình tự SGK đã chọn | AE32: Bản soạn mới — cần rà soát | AF32: Chờ giáo viên duyệt
A33: EC1-089 | B33: Tiếng Việt | C33: 1 | D33: Sau khi học vần ây, ơm, ục | E33: Đọc hiểu | F33: 4 | G33: Thử thách | J33: Đúng / Sai | K33: Đọc: "Sáng nay, bé dậy sớm tập thể dục." Bé dậy muộn, đúng hay sai? | L33: Đúng | M33: Sai | Q33: B | R33: Bé dậy sớm, không phải dậy muộn. | S33: Câu viết "bé dậy sớm". "Muộn" ngược nghĩa với "sớm" nên nhận xét này sai. | T33: 70 | U33: =INDEX(Khung_cap_do!$H$2:$H$6,F33) | V33: 4 | W33: 8 | X33: V1.DOC.04 | Y33: TV.DOCHIEU | Z33: Soạn thêm | AB33: Đã đọc được câu ngắn có dấu phẩy. | AC33: Chương trình GDPT 2018 – Tiếng Việt 1; đối chiếu SGK Kết nối tri thức (Tập 1). | AD33: EduChain Kids soạn thêm (2026-10); bám chương trình GDPT 2018 và trình tự SGK đã chọn | AE33: Bản soạn mới — cần rà soát | AF33: Chờ giáo viên duyệt
A34: EC1-029 | B34: Tiếng Việt | C34: 1 | D34: Sau khi học câu/đoạn | E34: Suy luận đơn giản | F34: 5 | G34: Mở rộng | J34: Trả lời ngắn | K34: Đọc: “Trời lạnh. Bình mặc áo khoác.” Vì sao Bình mặc áo khoác? | Q34: Vì trời lạnh. | R34: Suy ra lý do từ hai câu. | S34: Câu đầu cho biết trời lạnh. Mặc áo khoác để giữ ấm, nên Bình mặc áo vì trời lạnh. | T34: 85 | U34: =INDEX(Khung_cap_do!$H$2:$H$6,F34) | V34: 1 | W34: 9 | X34: V1.DOC.04 | Y34: TV.DOCHIEU | Z34: Bộ mẫu | AA34: [Chọn đáp án] Đọc: "Trời lạnh. Bình mặc áo khoác." Vì sao Bình mặc áo khoác? A. Vì trời lạnh | B. Vì trời nắng | C. Vì Bình đi ngủ Đáp án: A Ghi chú: Bản app chuyển câu trả lời ngắn thành chọn đáp án. | AB34: Đã học các từ/cấu trúc trong đoạn. | AC34: Mở rộng nội bộ; cần giáo viên duyệt. | AD34: Chương trình GDPT 2018 / kế hoạch dạy học của trường; đối chiếu văn bản hiện hành | AE34: Bản mẫu — cần rà soát | AF34: Chờ giáo viên duyệt
A35: EC1-030 | B35: Tiếng Việt | C35: 1 | D35: Sau khi luyện viết câu ngắn | E35: Tạo câu | F35: 5 | G35: Mở rộng | J35: Trả lời ngắn | K35: Viết một câu ngắn có từ “mẹ”. | Q35: Ví dụ: Mẹ yêu em. | R35: Chấp nhận nhiều câu phù hợp; cần rubric chấm. | S35: Ai? – Mẹ. Làm gì? – yêu em. Câu: Mẹ yêu em. (Khi viết câu tự do, giáo viên chấm theo rubric.) | T35: 90 | U35: =INDEX(Khung_cap_do!$H$2:$H$6,F35) | V35: 1 | W35: 10 | X35: V1.VIET.03 | Y35: TV.XEPCAU | Z35: Bộ mẫu | AA35: [Sắp xếp] Xếp thành câu có từ "mẹ": "yêu / em / Mẹ". Đáp án: Mẹ → yêu → em Ghi chú: Bản gốc là viết câu tự do (giáo viên chấm theo rubric); bản app là xếp từ thành câu. | AB35: Các chữ/tiếng trong câu đã học. | AC35: Không chấm chỉ bằng so khớp chuỗi; giáo viên duyệt rubric. | AD35: Chương trình GDPT 2018 / kế hoạch dạy học của trường; đối chiếu văn bản hiện hành | AE35: Bản mẫu — cần rà soát | AF35: Chờ giáo viên duyệt
A36: EC1-090 | B36: Tiếng Việt | C36: 1 | D36: Sau khi học vần ươi, ung, uôt | E36: Suy luận đơn giản | F36: 5 | G36: Mở rộng | J36: Chọn đáp án | K36: Đọc: "Mèo nằm sưởi nắng bên thềm. Thấy chuột, mèo vùng dậy." Vì sao mèo vùng dậy? | L36: Vì thấy chuột | M36: Vì trời mưa | N36: Vì bé gọi | Q36: A | R36: Câu thứ hai: thấy chuột, mèo vùng dậy. | S36: Mèo đang nằm sưởi nắng. "Thấy chuột, mèo vùng dậy" cho biết lý do là mèo thấy chuột. | T36: 85 | U36: =INDEX(Khung_cap_do!$H$2:$H$6,F36) | V36: 2 | W36: 9 | X36: V1.DOC.04 | Y36: TV.DOCHIEU | Z36: Soạn thêm | AB36: Đã đọc được đoạn hai câu. | AC36: Chương trình GDPT 2018 – Tiếng Việt 1; đối chiếu SGK Kết nối tri thức (Tập 1). | AD36: EduChain Kids soạn thêm (2026-10); bám chương trình GDPT 2018 và trình tự SGK đã chọn | AE36: Bản soạn mới — cần rà soát | AF36: Chờ giáo viên duyệt
A37: EC1-091 | B37: Tiếng Việt | C37: 1 | D37: Sau khi học vần ưc, anh, ăng | E37: Trình tự sự việc | F37: 5 | G37: Mở rộng | J37: Sắp xếp | K37: Xếp các câu theo đúng thứ tự việc làm buổi sáng. (Các mục: Bé thức dậy. / Bé ăn sáng. / Bé đi học. / Bé đánh răng.) | Q37: Bé thức dậy. → Bé đánh răng. → Bé ăn sáng. → Bé đi học. | R37: Thức dậy → đánh răng → ăn sáng → đi học. | S37: Việc đầu tiên là thức dậy, rồi đánh răng, ăn sáng, sau cùng mới đi học. | T37: 90 | U37: =INDEX(Khung_cap_do!$H$2:$H$6,F37) | V37: 2 | W37: 10 | X37: V1.DOC.06 | Y37: TV.XEPCAU | Z37: Soạn thêm | AB37: Đã đọc được câu ngắn. | AC37: Chương trình GDPT 2018 – Tiếng Việt 1; đối chiếu SGK Kết nối tri thức (Tập 1). | AD37: EduChain Kids soạn thêm (2026-10); bám chương trình GDPT 2018 và trình tự SGK đã chọn | AE37: Bản soạn mới — cần rà soát | AF37: Chờ giáo viên duyệt
A38: EC1-092 | B38: Tiếng Việt | C38: 1 | D38: Sau khi học vần an, ăn, ân | E38: Phân biệt vần | F38: 5 | G38: Mở rộng | J38: Chọn nhiều đáp án | K38: Chọn TẤT CẢ tiếng có vần "an". | L38: bàn | M38: cân | N38: lan | O38: sàn | Q38: A, C, D | R38: bàn, lan, sàn có vần an; cân có vần ân. | S38: Tách vần: b–an, c–ân, l–an, s–an. "Cân" là vần ân nên không chọn. | T38: 85 | U38: =INDEX(Khung_cap_do!$H$2:$H$6,F38) | V38: 3 | W38: 9 | X38: V1.AM.03 | Y38: TV.GHEPVAN | Z38: Soạn thêm | AB38: Đã học vần an, ăn, ân. | AC38: Chương trình GDPT 2018 – Tiếng Việt 1; đối chiếu SGK Kết nối tri thức (Tập 1). | AD38: EduChain Kids soạn thêm (2026-10); bám chương trình GDPT 2018 và trình tự SGK đã chọn | AE38: Bản soạn mới — cần rà soát | AF38: Chờ giáo viên duyệt
A39: EC1-093 | B39: Tiếng Việt | C39: 1 | D39: Sau khi học vần ươi, ây, anh | E39: Suy luận đơn giản | F39: 5 | G39: Mở rộng | J39: Chọn đáp án | K39: Đọc: "Hà tưới cây mỗi ngày. Cây lớn nhanh và ra hoa đỏ." Vì sao cây lớn nhanh? | L39: Vì Hà tưới cây mỗi ngày | M39: Vì cây ở trong nhà | N39: Vì hoa màu đỏ | Q39: A | R39: Cây được tưới mỗi ngày nên lớn nhanh. | S39: Câu đầu cho biết Hà tưới cây mỗi ngày. Cây được chăm tưới nên lớn nhanh. | T39: 85 | U39: =INDEX(Khung_cap_do!$H$2:$H$6,F39) | V39: 3 | W39: 10 | X39: V1.DOC.04 | Y39: TV.DOCHIEU | Z39: Soạn thêm | AB39: Đã đọc được đoạn hai câu. | AC39: Chương trình GDPT 2018 – Tiếng Việt 1; đối chiếu SGK Kết nối tri thức (Tập 1). | AD39: EduChain Kids soạn thêm (2026-10); bám chương trình GDPT 2018 và trình tự SGK đã chọn | AE39: Bản soạn mới — cần rà soát | AF39: Chờ giáo viên duyệt
A40: EC1-094 | B40: Tiếng Việt | C40: 1 | D40: Cuối học kì 1 (mở rộng) | E40: Câu tục ngữ quen thuộc | F40: 5 | G40: Mở rộng | J40: Điền đáp án | K40: Điền tiếng còn thiếu: "Ăn quả nhớ kẻ trồng ..." | Q40: cây | R40: Ăn quả nhớ kẻ trồng cây. | S40: Quả mọc trên cây, người trồng cây cho ta quả ăn: "Ăn quả nhớ kẻ trồng cây." | T40: 85 | U40: =INDEX(Khung_cap_do!$H$2:$H$6,F40) | V40: 4 | W40: 9 | X40: V1.VIET.06 | Y40: TV.GHEPVAN | Z40: Soạn thêm | AB40: Đã đọc được các tiếng trong câu. | AC40: Chương trình GDPT 2018 – Tiếng Việt 1; đối chiếu SGK Kết nối tri thức (Tập 1). | AD40: EduChain Kids soạn thêm (2026-10); bám chương trình GDPT 2018 và trình tự SGK đã chọn | AE40: Bản soạn mới — cần rà soát | AF40: Chờ giáo viên duyệt
A41: EC1-095 | B41: Tiếng Việt | C41: 1 | D41: Cuối học kì 1 (mở rộng) | E41: Từ ngữ chỉ đặc điểm | F41: 5 | G41: Mở rộng | J41: Ghép cặp | K41: Nối từ với từ có nghĩa ngược lại. (Vế trái: to / cao / dài · Vế phải: ngắn / nhỏ / thấp) | Q41: to – nhỏ; cao – thấp; dài – ngắn | R41: to – nhỏ, cao – thấp, dài – ngắn. | S41: Cái to ngược với cái nhỏ; cao ngược với thấp; dài ngược với ngắn. | T41: 90 | U41: =INDEX(Khung_cap_do!$H$2:$H$6,F41) | V41: 4 | W41: 10 | X41: V1.VIET.04 | Y41: TV.NOITU | Z41: Soạn thêm | AB41: Đã đọc được các từ trong bài. | AC41: Chương trình GDPT 2018 – Tiếng Việt 1; đối chiếu SGK Kết nối tri thức (Tập 1). | AD41: EduChain Kids soạn thêm (2026-10); bám chương trình GDPT 2018 và trình tự SGK đã chọn | AE41: Bản soạn mới — cần rà soát | AF41: Chờ giáo viên duyệt

Sheet TiengAnh_L1-L5
A1: ID | B1: Môn học | C1: Lớp | D1: Giai đoạn gợi ý | E1: Chủ đề / kỹ năng | F1: Cấp độ | G1: Tên cấp độ | H1: Cấp độ cũ (bộ mẫu) | I1: Lý do điều chỉnh cấp độ | J1: Loại câu hỏi | K1: Câu hỏi / nhiệm vụ | L1: Lựa chọn A | M1: Lựa chọn B | N1: Lựa chọn C | O1: Lựa chọn D | P1: Lựa chọn E | Q1: Đáp án đúng | R1: Lời giải / phản hồi | S1: Lời giải chi tiết | T1: Thời gian (giây) | U1: Điểm khi đúng | V1: Đề ôn | W1: Thứ tự trong đề | X1: Mã YCCĐ | Y1: Mã dạng bài | Z1: Nguồn câu | AA1: Bản dùng trong app (nếu khác câu gốc) | AB1: Điều kiện tiên quyết | AC1: Căn cứ chương trình / lưu ý đối chiếu | AD1: Nguồn / phạm vi | AE1: Trạng thái nội dung | AF1: Trạng thái giáo viên | AG1: Ghi chú kiểm duyệt
A2: EC1-031 | B2: Tiếng Anh | C2: 1 | D2: Theo chương trình trường lựa chọn | E2: Greetings | F2: 1 | G2: Làm quen | J2: Chọn đáp án | K2: Nghe “Hello”. Chọn lời chào phù hợp. | L2: Hello | M2: Goodbye | N2: Thank you | Q2: A | R2: Hello là lời chào. | T2: 30 | U2: =INDEX(Khung_cap_do!$H$2:$H$6,F2) | V2: 1 | W2: 1 | X2: A1.HELLO.01 | Y2: TA.TUVUNG | Z2: Bộ mẫu | AA2: [Chọn đáp án] Nghe "Hello". Chọn lời chào phù hợp. A. Hello | B. Goodbye | C. Thank you Đáp án: A | AB2: Từ Hello đã được dạy. | AC2: Tiếng Anh lớp 1 phụ thuộc kế hoạch/giáo trình của trường. | AD2: Chương trình GDPT 2018 / kế hoạch dạy học của trường; đối chiếu văn bản hiện hành | AE2: Bản mẫu — cần rà soát | AF2: Chờ giáo viên duyệt | AG2: Cần bổ sung audio được kiểm duyệt.
A3: EC1-032 | B3: Tiếng Anh | C3: 1 | D3: Theo chương trình trường lựa chọn | E3: Colours | F3: 1 | G3: Làm quen | J3: Chọn đáp án | K3: Nghe “red”. Chọn màu phù hợp. | L3: Đỏ | M3: Xanh dương | N3: Vàng | Q3: A | R3: Red nghĩa là màu đỏ. | T3: 30 | U3: =INDEX(Khung_cap_do!$H$2:$H$6,F3) | V3: 1 | W3: 2 | X3: A1.COLOUR.01 | Y3: TA.TUVUNG | Z3: Bộ mẫu | AA3: [Chọn đáp án] Nghe "red". Chọn màu phù hợp. A. Đỏ | B. Xanh dương | C. Vàng Đáp án: A | AB3: Red đã được dạy. | AC3: Bài mẫu tùy theo chương trình tiếng Anh trường chọn. | AD3: Chương trình GDPT 2018 / kế hoạch dạy học của trường; đối chiếu văn bản hiện hành | AE3: Bản mẫu — cần rà soát | AF3: Chờ giáo viên duyệt
A4: EC1-033 | B4: Tiếng Anh | C4: 1 | D4: Theo chương trình trường lựa chọn | E4: Numbers | F4: 1 | G4: Làm quen | J4: Chọn đáp án | K4: Which number is “two”? | L4: 1 | M4: 2 | N4: 3 | Q4: B | R4: Two là số 2. | T4: 30 | U4: =INDEX(Khung_cap_do!$H$2:$H$6,F4) | V4: 2 | W4: 1 | X4: A1.NUM.01 | Y4: TA.SODEM | Z4: Bộ mẫu | AA4: [Chọn đáp án] Which number is "two"? A. 1 | B. 2 | C. 3 Đáp án: B | AB4: Từ two đã được dạy. | AC4: Mẫu tùy chọn; không đại diện chuẩn bắt buộc chung. | AD4: Chương trình GDPT 2018 / kế hoạch dạy học của trường; đối chiếu văn bản hiện hành | AE4: Bản mẫu — cần rà soát | AF4: Chờ giáo viên duyệt
A5: EC1-096 | B5: Tiếng Anh | C5: 1 | D5: Sau Unit 2 | E5: Animals | F5: 1 | G5: Làm quen | J5: Chọn đáp án | K5: Từ "cat" là con gì? | L5: Con mèo | M5: Con chó | N5: Con vịt | Q5: A | R5: Cat là con mèo. | T5: 30 | U5: =INDEX(Khung_cap_do!$H$2:$H$6,F5) | V5: 2 | W5: 2 | X5: A1.ANIMAL.01 | Y5: TA.TUVUNG | Z5: Soạn thêm | AB5: Đã học cat (Unit 2). | AC5: Làm quen tiếng Anh lớp 1; từ vựng Global Success 1 (Unit 1–8). | AD5: EduChain Kids soạn thêm (2026-10); bám chương trình GDPT 2018 và trình tự SGK đã chọn | AE5: Bản soạn mới — cần rà soát | AF5: Chờ giáo viên duyệt
A6: EC1-097 | B6: Tiếng Anh | C6: 1 | D6: Sau Unit 3 | E6: Food | F6: 1 | G6: Làm quen | J6: Chọn đáp án | K6: Chọn từ có nghĩa là "quả táo". | L6: apple | M6: ball | N6: cup | Q6: A | R6: Apple là quả táo. | T6: 30 | U6: =INDEX(Khung_cap_do!$H$2:$H$6,F6) | V6: 3 | W6: 1 | X6: A1.EXTRA.02 | Y6: TA.TUVUNG | Z6: Soạn thêm | AB6: Đã học apple (Unit 3). | AC6: Làm quen tiếng Anh lớp 1; từ vựng Global Success 1 (Unit 1–8). | AD6: EduChain Kids soạn thêm (2026-10); bám chương trình GDPT 2018 và trình tự SGK đã chọn | AE6: Bản soạn mới — cần rà soát | AF6: Chờ giáo viên duyệt
A7: EC1-098 | B7: Tiếng Anh | C7: 1 | D7: Sau Unit 1 | E7: Toys | F7: 1 | G7: Làm quen | J7: Chọn đáp án | K7: Nghe "ball". Chọn hình đúng. | L7: ⚽ | M7: 🚗 | N7: 🎂 | Q7: A | R7: Ball là quả bóng ⚽. | T7: 30 | U7: =INDEX(Khung_cap_do!$H$2:$H$6,F7) | V7: 3 | W7: 2 | X7: A1.EXTRA.01 | Y7: TA.TUVUNG | Z7: Soạn thêm | AB7: Đã học ball (Unit 1). | AC7: Làm quen tiếng Anh lớp 1; từ vựng Global Success 1 (Unit 1–8). | AD7: EduChain Kids soạn thêm (2026-10); bám chương trình GDPT 2018 và trình tự SGK đã chọn | AE7: Bản soạn mới — cần rà soát | AF7: Chờ giáo viên duyệt
A8: EC1-099 | B8: Tiếng Anh | C8: 1 | D8: Sau Unit 1 | E8: Letter b | F8: 1 | G8: Làm quen | J8: Điền đáp án | K8: Điền chữ cái còn thiếu: _ook (quyển sách) | Q8: b | R8: book – quyển sách, bắt đầu bằng b. | T8: 40 | U8: =INDEX(Khung_cap_do!$H$2:$H$6,F8) | V8: 4 | W8: 1 | X8: A1.ABC.02 | Y8: TA.CHUCAI | Z8: Soạn thêm | AB8: Đã học chữ b và từ book (Unit 1). | AC8: Làm quen tiếng Anh lớp 1; từ vựng Global Success 1 (Unit 1–8). | AD8: EduChain Kids soạn thêm (2026-10); bám chương trình GDPT 2018 và trình tự SGK đã chọn | AE8: Bản soạn mới — cần rà soát | AF8: Chờ giáo viên duyệt
A9: EC1-100 | B9: Tiếng Anh | C9: 1 | D9: Sau Unit 4 | E9: Letter d | F9: 1 | G9: Làm quen | J9: Chọn đáp án | K9: Từ "dog" bắt đầu bằng chữ cái nào? | L9: d | M9: b | N9: g | Q9: A | R9: dog bắt đầu bằng d. | T9: 30 | U9: =INDEX(Khung_cap_do!$H$2:$H$6,F9) | V9: 4 | W9: 2 | X9: A1.ABC.02 | Y9: TA.CHUCAI | Z9: Soạn thêm | AB9: Đã học chữ d và từ dog (Unit 4). | AC9: Làm quen tiếng Anh lớp 1; từ vựng Global Success 1 (Unit 1–8). | AD9: EduChain Kids soạn thêm (2026-10); bám chương trình GDPT 2018 và trình tự SGK đã chọn | AE9: Bản soạn mới — cần rà soát | AF9: Chờ giáo viên duyệt
A10: EC1-034 | B10: Tiếng Anh | C10: 1 | D10: Theo chương trình trường lựa chọn | E10: Greetings | F10: 2 | G10: Cơ bản | J10: Chọn đáp án | K10: Chọn câu trả lời phù hợp cho “Hello!” | L10: Hello! | M10: Red! | N10: Three! | Q10: A | R10: Có thể đáp lại lời chào bằng Hello. | T10: 40 | U10: =INDEX(Khung_cap_do!$H$2:$H$6,F10) | V10: 1 | W10: 3 | X10: A1.HELLO.01 | Y10: TA.MAUCAU | Z10: Bộ mẫu | AA10: [Chọn đáp án] Chọn câu trả lời phù hợp cho "Hello!" A. Hello! | B. Red! | C. Three! Đáp án: A | AB10: Đã luyện mẫu chào hỏi. | AC10: Phải có trong giáo trình đã chọn. | AD10: Chương trình GDPT 2018 / kế hoạch dạy học của trường; đối chiếu văn bản hiện hành | AE10: Bản mẫu — cần rà soát | AF10: Chờ giáo viên duyệt
A11: EC1-035 | B11: Tiếng Anh | C11: 1 | D11: Theo chương trình trường lựa chọn | E11: Classroom objects | F11: 2 | G11: Cơ bản | J11: Chọn đáp án | K11: Nghe “book”. Chọn đồ vật phù hợp. | L11: Quyển sách | M11: Quả táo | N11: Quả bóng | Q11: A | R11: Book nghĩa là quyển sách. | T11: 40 | U11: =INDEX(Khung_cap_do!$H$2:$H$6,F11) | V11: 1 | W11: 4 | X11: A1.SCHOOL.01 | Y11: TA.TUVUNG | Z11: Bộ mẫu | AA11: [Chọn đáp án] Nghe "book". Chọn đồ vật phù hợp. A. Quyển sách | B. Quả táo | C. Quả bóng Đáp án: A | AB11: Từ book đã được dạy. | AC11: Cần giáo viên duyệt hình minh họa. | AD11: Chương trình GDPT 2018 / kế hoạch dạy học của trường; đối chiếu văn bản hiện hành | AE11: Bản mẫu — cần rà soát | AF11: Chờ giáo viên duyệt
A12: EC1-036 | B12: Tiếng Anh | C12: 1 | D12: Theo chương trình trường lựa chọn | E12: Animals | F12: 2 | G12: Cơ bản | J12: Chọn đáp án | K12: Which word means “mèo”? | L12: cat | M12: dog | N12: fish | Q12: A | R12: Cat nghĩa là mèo. | T12: 40 | U12: =INDEX(Khung_cap_do!$H$2:$H$6,F12) | V12: 2 | W12: 3 | X12: A1.ANIMAL.01 | Y12: TA.TUVUNG | Z12: Bộ mẫu | AA12: [Chọn đáp án] Which word means "mèo"? A. cat | B. dog | C. fish Đáp án: A | AB12: Từ cat đã được học. | AC12: Chỉ dùng nếu từ đã được dạy. | AD12: Chương trình GDPT 2018 / kế hoạch dạy học của trường; đối chiếu văn bản hiện hành | AE12: Bản mẫu — cần rà soát | AF12: Chờ giáo viên duyệt
A13: EC1-044 | B13: Tiếng Anh | C13: 1 | D13: Theo chương trình trường lựa chọn | E13: Mini-dialogue | F13: 2 | G13: Cơ bản | H13: 5 | I13: Chọn lời chào quen thuộc, xếp L2. | J13: Chọn đáp án | K13: Gặp bạn vào buổi sáng, chọn lời chào phù hợp. | L13: Good morning. | M13: Goodbye. | N13: Thank you. | Q13: A | R13: Good morning là lời chào buổi sáng. | T13: 40 | U13: =INDEX(Khung_cap_do!$H$2:$H$6,F13) | V13: 2 | W13: 4 | X13: A1.HELLO.01 | Y13: TA.MAUCAU | Z13: Bộ mẫu | AB13: Cụm từ đã được dạy. | AC13: Phụ thuộc giáo trình và tiến độ trường. | AD13: Chương trình GDPT 2018 / kế hoạch dạy học của trường; đối chiếu văn bản hiện hành | AE13: Bản mẫu — cần rà soát | AF13: Chờ giáo viên duyệt
A14: EC1-101 | B14: Tiếng Anh | C14: 1 | D14: Sau Unit 2 | E14: Letter c words | F14: 2 | G14: Cơ bản | J14: Ghép cặp | K14: Nối từ với nghĩa. (Vế trái: car / cake / cup · Vế phải: bánh ngọt / cái cốc / ô tô) | Q14: car – ô tô; cake – bánh ngọt; cup – cái cốc | R14: car – ô tô, cake – bánh ngọt, cup – cái cốc. | T14: 55 | U14: =INDEX(Khung_cap_do!$H$2:$H$6,F14) | V14: 3 | W14: 3 | X14: A1.EXTRA.01 | Y14: TA.NOINGHIA | Z14: Soạn thêm | AB14: Đã học car, cake, cup (Unit 2). | AC14: Làm quen tiếng Anh lớp 1; từ vựng Global Success 1 (Unit 1–8). | AD14: EduChain Kids soạn thêm (2026-10); bám chương trình GDPT 2018 và trình tự SGK đã chọn | AE14: Bản soạn mới — cần rà soát | AF14: Chờ giáo viên duyệt
A15: EC1-102 | B15: Tiếng Anh | C15: 1 | D15: Sau Unit 6 | E15: School things | F15: 2 | G15: Cơ bản | J15: Chọn đáp án | K15: Từ nào có nghĩa là "cái bút mực"? | L15: pen | M15: pencil | N15: bell | Q15: A | R15: pen – bút mực; pencil – bút chì; bell – cái chuông. | T15: 40 | U15: =INDEX(Khung_cap_do!$H$2:$H$6,F15) | V15: 3 | W15: 4 | X15: A1.SCHOOL.01 | Y15: TA.TUVUNG | Z15: Soạn thêm | AB15: Đã học pen, pencil, bell (Unit 6). | AC15: Làm quen tiếng Anh lớp 1; từ vựng Global Success 1 (Unit 1–8). | AD15: EduChain Kids soạn thêm (2026-10); bám chương trình GDPT 2018 và trình tự SGK đã chọn | AE15: Bản soạn mới — cần rà soát | AF15: Chờ giáo viên duyệt
A16: EC1-103 | B16: Tiếng Anh | C16: 1 | D16: Sau Unit 5 | E16: Animals | F16: 2 | G16: Cơ bản | J16: Đúng / Sai | K16: "Fish" nghĩa là con cá. | L16: Đúng | M16: Sai | Q16: A | R16: Fish là con cá. | T16: 40 | U16: =INDEX(Khung_cap_do!$H$2:$H$6,F16) | V16: 4 | W16: 3 | X16: A1.ANIMAL.01 | Y16: TA.TUVUNG | Z16: Soạn thêm | AB16: Đã học fish (Unit 5). | AC16: Làm quen tiếng Anh lớp 1; từ vựng Global Success 1 (Unit 1–8). | AD16: EduChain Kids soạn thêm (2026-10); bám chương trình GDPT 2018 và trình tự SGK đã chọn | AE16: Bản soạn mới — cần rà soát | AF16: Chờ giáo viên duyệt
A17: EC1-104 | B17: Tiếng Anh | C17: 1 | D17: Sau Unit 3 | E17: Spelling | F17: 2 | G17: Cơ bản | J17: Điền đáp án | K17: Điền chữ cái còn thiếu: _at (cái mũ) | Q17: h | R17: hat – cái mũ. | T17: 50 | U17: =INDEX(Khung_cap_do!$H$2:$H$6,F17) | V17: 4 | W17: 4 | X17: A1.ABC.02 | Y17: TA.CHUCAI | Z17: Soạn thêm | AB17: Đã học hat (Unit 3) và chữ h (Unit 8). | AC17: Làm quen tiếng Anh lớp 1; từ vựng Global Success 1 (Unit 1–8). | AD17: EduChain Kids soạn thêm (2026-10); bám chương trình GDPT 2018 và trình tự SGK đã chọn | AE17: Bản soạn mới — cần rà soát | AF17: Chờ giáo viên duyệt
A18: EC1-037 | B18: Tiếng Anh | C18: 1 | D18: Theo chương trình trường lựa chọn | E18: Colours | F18: 3 | G18: Vận dụng | J18: Chọn đáp án | K18: A ripe banana is usually ___. | L18: yellow | M18: blue | N18: purple | Q18: A | R18: Quả chuối chín thường có màu vàng. | S18: Ripe banana = quả chuối chín. Chuối chín có màu vàng: yellow. | T18: 50 | U18: =INDEX(Khung_cap_do!$H$2:$H$6,F18) | V18: 1 | W18: 5 | X18: A1.COLOUR.01 | Y18: TA.MAUCAU | Z18: Bộ mẫu | AB18: Đã học yellow và từ banana hoặc có tranh hỗ trợ. | AC18: Tình huống kết hợp từ đã học; cần duyệt. | AD18: Chương trình GDPT 2018 / kế hoạch dạy học của trường; đối chiếu văn bản hiện hành | AE18: Bản mẫu — cần rà soát | AF18: Chờ giáo viên duyệt
A19: EC1-038 | B19: Tiếng Anh | C19: 1 | D19: Theo chương trình trường lựa chọn | E19: Classroom language | F19: 3 | G19: Vận dụng | J19: Chọn đáp án | K19: Giáo viên nói “Listen”. Em nên làm gì? | L19: Lắng nghe | M19: Chạy ra ngoài | N19: Ngủ | Q19: A | R19: Listen là yêu cầu lắng nghe. | S19: Listen nghĩa là "Hãy lắng nghe". Em ngồi yên và nghe cô nói. | T19: 50 | U19: =INDEX(Khung_cap_do!$H$2:$H$6,F19) | V19: 1 | W19: 6 | X19: A1.HELLO.02 | Y19: TA.TUVUNG | Z19: Bộ mẫu | AA19: [Chọn đáp án] Giáo viên nói "Listen". Em nên làm gì? A. Lắng nghe | B. Chạy ra ngoài | C. Ngủ Đáp án: A | AB19: Từ chỉ dẫn đã được dạy bằng ngữ cảnh. | AC19: Chỉ dùng nếu có trong chương trình trường. | AD19: Chương trình GDPT 2018 / kế hoạch dạy học của trường; đối chiếu văn bản hiện hành | AE19: Bản mẫu — cần rà soát | AF19: Chờ giáo viên duyệt
A20: EC1-039 | B20: Tiếng Anh | C20: 1 | D20: Theo chương trình trường lựa chọn | E20: Introductions | F20: 3 | G20: Vận dụng | J20: Chọn đáp án | K20: Chọn câu dùng để nói tên mình. | L20: My name is Lan. | M20: It is blue. | N20: Good night. | Q20: A | R20: My name is Lan dùng để giới thiệu tên. | S20: "My name is …" nghĩa là "Tên mình là …". | T20: 50 | U20: =INDEX(Khung_cap_do!$H$2:$H$6,F20) | V20: 2 | W20: 5 | X20: A1.HELLO.03 | Y20: TA.MAUCAU | Z20: Bộ mẫu | AB20: Mẫu câu đã được dạy. | AC20: Tên Lan là ví dụ; không cần học sinh cung cấp dữ liệu cá nhân. | AD20: Chương trình GDPT 2018 / kế hoạch dạy học của trường; đối chiếu văn bản hiện hành | AE20: Bản mẫu — cần rà soát | AF20: Chờ giáo viên duyệt
A21: EC1-105 | B21: Tiếng Anh | C21: 1 | D21: Sau Unit 8 | E21: Animals | F21: 3 | G21: Vận dụng | J21: Chọn nhiều đáp án | K21: Chọn TẤT CẢ từ chỉ con vật. | L21: duck | M21: goat | N21: desk | O21: horse | Q21: A, B, D | R21: duck, goat, horse là con vật; desk là cái bàn. | S21: duck – con vịt, goat – con dê, horse – con ngựa. Desk là cái bàn học. | T21: 60 | U21: =INDEX(Khung_cap_do!$H$2:$H$6,F21) | V21: 2 | W21: 6 | X21: A1.ANIMAL.01 | Y21: TA.NHOMTU | Z21: Soạn thêm | AB21: Đã học duck, desk (Unit 4), goat (Unit 7), horse (Unit 8). | AC21: Làm quen tiếng Anh lớp 1; từ vựng Global Success 1 (Unit 1–8). | AD21: EduChain Kids soạn thêm (2026-10); bám chương trình GDPT 2018 và trình tự SGK đã chọn | AE21: Bản soạn mới — cần rà soát | AF21: Chờ giáo viên duyệt
A22: EC1-106 | B22: Tiếng Anh | C22: 1 | D22: Sau Unit 6 | E22: This is my … | F22: 3 | G22: Vận dụng | J22: Chọn đáp án | K22: Hoàn thành câu: "This is my ___." (cái túi) | L22: bag | M22: bell | N22: bike | Q22: A | R22: bag – cái túi. | S22: "This is my bag." nghĩa là "Đây là cái túi của mình." | T22: 50 | U22: =INDEX(Khung_cap_do!$H$2:$H$6,F22) | V22: 3 | W22: 5 | X22: A1.SCHOOL.01 | Y22: TA.MAUCAU | Z22: Soạn thêm | AB22: Đã học bag (Unit 3), bell (Unit 6), bike (Unit 1). | AC22: Làm quen tiếng Anh lớp 1; từ vựng Global Success 1 (Unit 1–8). | AD22: EduChain Kids soạn thêm (2026-10); bám chương trình GDPT 2018 và trình tự SGK đã chọn | AE22: Bản soạn mới — cần rà soát | AF22: Chờ giáo viên duyệt
A23: EC1-107 | B23: Tiếng Anh | C23: 1 | D23: Sau Unit 3 | E23: I have … | F23: 3 | G23: Vận dụng | J23: Điền đáp án | K23: Điền từ: "I have a ___." (quả bóng) | Q23: ball | R23: ball – quả bóng. | S23: "I have a ball." nghĩa là "Mình có một quả bóng." | T23: 60 | U23: =INDEX(Khung_cap_do!$H$2:$H$6,F23) | V23: 3 | W23: 6 | X23: A1.EXTRA.01 | Y23: TA.MAUCAU | Z23: Soạn thêm | AB23: Đã học ball và mẫu câu I have a … . | AC23: Làm quen tiếng Anh lớp 1; từ vựng Global Success 1 (Unit 1–8). | AD23: EduChain Kids soạn thêm (2026-10); bám chương trình GDPT 2018 và trình tự SGK đã chọn | AE23: Bản soạn mới — cần rà soát | AF23: Chờ giáo viên duyệt
A24: EC1-108 | B24: Tiếng Anh | C24: 1 | D24: Sau Unit 7 | E24: I can see … | F24: 3 | G24: Vận dụng | J24: Chọn đáp án | K24: Nghe "I can see a goat." Bạn nhìn thấy con gì? | L24: Con dê | M24: Con ngựa | N24: Con vịt | Q24: A | R24: goat – con dê. | S24: "I can see a goat." nghĩa là "Mình nhìn thấy một con dê." | T24: 50 | U24: =INDEX(Khung_cap_do!$H$2:$H$6,F24) | V24: 4 | W24: 5 | X24: A1.ANIMAL.01 | Y24: TA.TUVUNG | Z24: Soạn thêm | AB24: Đã học goat và mẫu câu I can see … . | AC24: Làm quen tiếng Anh lớp 1; từ vựng Global Success 1 (Unit 1–8). | AD24: EduChain Kids soạn thêm (2026-10); bám chương trình GDPT 2018 và trình tự SGK đã chọn | AE24: Bản soạn mới — cần rà soát | AF24: Chờ giáo viên duyệt
A25: EC1-109 | B25: Tiếng Anh | C25: 1 | D25: Sau Unit 8 | E25: Body parts | F25: 3 | G25: Vận dụng | J25: Ghép cặp | K25: Nối từ với bộ phận cơ thể. (Vế trái: hand / head / hair · Vế phải: bàn tay / cái đầu / mái tóc) | Q25: hand – bàn tay; head – cái đầu; hair – mái tóc | R25: hand – bàn tay, head – cái đầu, hair – mái tóc. | S25: Ba từ đều bắt đầu bằng h. Hand là bàn tay, head là cái đầu, hair là mái tóc. | T25: 65 | U25: =INDEX(Khung_cap_do!$H$2:$H$6,F25) | V25: 4 | W25: 6 | X25: A1.EXTRA.03 | Y25: TA.NOINGHIA | Z25: Soạn thêm | AB25: Đã học hand, head, hair (Unit 8). | AC25: Làm quen tiếng Anh lớp 1; từ vựng Global Success 1 (Unit 1–8). | AD25: EduChain Kids soạn thêm (2026-10); bám chương trình GDPT 2018 và trình tự SGK đã chọn | AE25: Bản soạn mới — cần rà soát | AF25: Chờ giáo viên duyệt
A26: EC1-040 | B26: Tiếng Anh | C26: 1 | D26: Theo chương trình trường lựa chọn | E26: Listening instructions | F26: 4 | G26: Thử thách | J26: Nghe / chọn tranh | K26: Nghe “Point to the red book.” Chọn hình đúng. | L26: Sách đỏ | M26: Sách xanh | N26: Táo đỏ | Q26: A | R26: Chọn quyển sách màu đỏ. | S26: red book = quyển sách màu đỏ. Phải đúng cả màu (red) và đồ vật (book). | T26: 60 | U26: =INDEX(Khung_cap_do!$H$2:$H$6,F26) | V26: 1 | W26: 7 | X26: A1.COLOUR.01 | Y26: TA.TUVUNG | Z26: Bộ mẫu | AA26: [Chọn đáp án] Nghe "Point to the red book." Chọn hình đúng. A. Sách đỏ | B. Sách xanh | C. Táo đỏ Đáp án: A | AB26: Red, book và chỉ dẫn đã được luyện. | AC26: Cần audio và xác nhận tất cả từ đã học. | AD26: Chương trình GDPT 2018 / kế hoạch dạy học của trường; đối chiếu văn bản hiện hành | AE26: Bản mẫu — cần rà soát | AF26: Chờ giáo viên duyệt
A27: EC1-041 | B27: Tiếng Anh | C27: 1 | D27: Theo chương trình trường lựa chọn | E27: Simple responses | F27: 4 | G27: Thử thách | J27: Chọn đáp án | K27: Nếu bạn nói “Thank you”, câu đáp nào phù hợp? | L27: You’re welcome. | M27: Good morning. | N27: It’s a pen. | Q27: A | R27: You’re welcome là một cách đáp lời cảm ơn. | S27: Thank you là lời cảm ơn; đáp lại bằng You're welcome (Không có gì). | T27: 60 | U27: =INDEX(Khung_cap_do!$H$2:$H$6,F27) | V27: 1 | W27: 8 | X27: A1.HELLO.01 | Y27: TA.MAUCAU | Z27: Bộ mẫu | AA27: [Chọn đáp án] Nếu bạn nói "Thank you", câu đáp nào phù hợp? A. You're welcome. | B. Good morning. | C. It's a pen. Đáp án: A | AB27: Hai mẫu câu đều đã được dạy. | AC27: Chỉ phát hành nếu mẫu câu có trong giáo trình. | AD27: Chương trình GDPT 2018 / kế hoạch dạy học của trường; đối chiếu văn bản hiện hành | AE27: Bản mẫu — cần rà soát | AF27: Chờ giáo viên duyệt
A28: EC1-042 | B28: Tiếng Anh | C28: 1 | D28: Theo chương trình trường lựa chọn | E28: Listening comprehension | F28: 4 | G28: Thử thách | J28: Nghe / chọn tranh | K28: Nghe “I see a dog.” Chọn hình đúng. | L28: Con chó | M28: Con mèo | N28: Con cá | Q28: A | R28: Câu nói đến dog. | S28: "I see a dog." nghĩa là "Mình thấy một con chó." Dog là con chó. | T28: 60 | U28: =INDEX(Khung_cap_do!$H$2:$H$6,F28) | V28: 2 | W28: 7 | X28: A1.ANIMAL.01 | Y28: TA.TUVUNG | Z28: Bộ mẫu | AA28: [Chọn đáp án] Nghe "I see a dog." Chọn hình đúng. A. Con chó | B. Con mèo | C. Con cá Đáp án: A | AB28: Từ dog và mẫu câu đã được dạy; audio rõ. | AC28: Mẫu nội bộ; cần audio giáo viên kiểm duyệt. | AD28: Chương trình GDPT 2018 / kế hoạch dạy học của trường; đối chiếu văn bản hiện hành | AE28: Bản mẫu — cần rà soát | AF28: Chờ giáo viên duyệt
A29: EC1-110 | B29: Tiếng Anh | C29: 1 | D29: Sau Unit 6 | E29: Colours + objects | F29: 4 | G29: Thử thách | J29: Chọn đáp án | K29: Nghe "a red pen". Chọn hình đúng. | L29: 🖊️ bút mực màu đỏ | M29: 🖊️ bút mực màu xanh | N29: ✏️ bút chì màu đỏ | Q29: A | R29: red pen – bút mực màu đỏ. | S29: Phải đúng cả hai: màu red (đỏ) và đồ vật pen (bút mực). | T29: 60 | U29: =INDEX(Khung_cap_do!$H$2:$H$6,F29) | V29: 2 | W29: 8 | X29: A1.COLOUR.01 | Y29: TA.TUVUNG | Z29: Soạn thêm | AB29: Đã học red, pen, pencil (Unit 6). | AC29: Làm quen tiếng Anh lớp 1; từ vựng Global Success 1 (Unit 1–8). | AD29: EduChain Kids soạn thêm (2026-10); bám chương trình GDPT 2018 và trình tự SGK đã chọn | AE29: Bản soạn mới — cần rà soát | AF29: Chờ giáo viên duyệt
A30: EC1-111 | B30: Tiếng Anh | C30: 1 | D30: Sau Unit 4 | E30: I can see … | F30: 4 | G30: Thử thách | J30: Sắp xếp | K30: Xếp các từ thành câu: "a / I / duck / see / can" (Các mục: I / a / can / duck / see) | Q30: I → can → see → a → duck | R30: I can see a duck. | S30: Mẫu câu "I can see a …" (Mình nhìn thấy một …). Câu đúng: I can see a duck. | T30: 75 | U30: =INDEX(Khung_cap_do!$H$2:$H$6,F30) | V30: 3 | W30: 7 | X30: A1.ANIMAL.01 | Y30: TA.MAUCAU | Z30: Soạn thêm | AB30: Đã học duck và mẫu câu I can see … . | AC30: Làm quen tiếng Anh lớp 1; từ vựng Global Success 1 (Unit 1–8). | AD30: EduChain Kids soạn thêm (2026-10); bám chương trình GDPT 2018 và trình tự SGK đã chọn | AE30: Bản soạn mới — cần rà soát | AF30: Chờ giáo viên duyệt
A31: EC1-112 | B31: Tiếng Anh | C31: 1 | D31: Sau Unit 8 | E31: I can see … | F31: 4 | G31: Thử thách | J31: Đúng / Sai | K31: "I can see a horse." nghĩa là "Mình nhìn thấy một con ngựa." | L31: Đúng | M31: Sai | Q31: A | R31: horse – con ngựa; I can see – mình nhìn thấy. | S31: I can see = mình nhìn thấy; a horse = một con ngựa. Câu dịch đúng. | T31: 60 | U31: =INDEX(Khung_cap_do!$H$2:$H$6,F31) | V31: 3 | W31: 8 | X31: A1.ANIMAL.01 | Y31: TA.TUVUNG | Z31: Soạn thêm | AB31: Đã học horse (Unit 8). | AC31: Làm quen tiếng Anh lớp 1; từ vựng Global Success 1 (Unit 1–8). | AD31: EduChain Kids soạn thêm (2026-10); bám chương trình GDPT 2018 và trình tự SGK đã chọn | AE31: Bản soạn mới — cần rà soát | AF31: Chờ giáo viên duyệt
A32: EC1-113 | B32: Tiếng Anh | C32: 1 | D32: Sau Unit 7 | E32: Letter g | F32: 4 | G32: Thử thách | J32: Chọn nhiều đáp án | K32: Chọn TẤT CẢ từ bắt đầu bằng chữ "g". | L32: girl | M32: gate | N32: goat | O32: duck | Q32: A, B, C | R32: girl, gate, goat bắt đầu bằng g. | S32: Nhìn chữ cái đầu: girl, gate, goat bắt đầu bằng g; duck bắt đầu bằng d. | T32: 70 | U32: =INDEX(Khung_cap_do!$H$2:$H$6,F32) | V32: 4 | W32: 7 | X32: A1.ABC.02 | Y32: TA.NHOMTU | Z32: Soạn thêm | AB32: Đã học chữ g và các từ của Unit 7. | AC32: Làm quen tiếng Anh lớp 1; từ vựng Global Success 1 (Unit 1–8). | AD32: EduChain Kids soạn thêm (2026-10); bám chương trình GDPT 2018 và trình tự SGK đã chọn | AE32: Bản soạn mới — cần rà soát | AF32: Chờ giáo viên duyệt
A33: EC1-114 | B33: Tiếng Anh | C33: 1 | D33: Sau Unit 4 | E33: Spelling | F33: 4 | G33: Thử thách | J33: Điền đáp án | K33: Điền 2 chữ cái còn thiếu: d _ _ k (con vịt) | Q33: uc / u c | R33: duck: d – u – c – k. | S33: Con vịt là duck, đánh vần d – u – c – k. Hai chữ còn thiếu là u, c. | T33: 70 | U33: =INDEX(Khung_cap_do!$H$2:$H$6,F33) | V33: 4 | W33: 8 | X33: A1.ABC.02 | Y33: TA.CHUCAI | Z33: Soạn thêm | AB33: Đã học duck (Unit 4). | AC33: Làm quen tiếng Anh lớp 1; từ vựng Global Success 1 (Unit 1–8). | AD33: EduChain Kids soạn thêm (2026-10); bám chương trình GDPT 2018 và trình tự SGK đã chọn | AE33: Bản soạn mới — cần rà soát | AF33: Chờ giáo viên duyệt
A34: EC1-043 | B34: Tiếng Anh | C34: 1 | D34: Theo chương trình trường lựa chọn | E34: Personal response | F34: 5 | G34: Mở rộng | J34: Nói / ghi âm | K34: Nếu đã học “I like ___”, nói một từ chỉ con vật em thích để hoàn thành câu. | Q34: Ví dụ: I like cats. | R34: Chấp nhận nhiều câu đúng theo từ vựng đã học; dùng rubric. | S34: dogs là con chó; cakes là bánh, doors là cửa. Từ chỉ con vật là dogs. | T34: 75 | U34: =INDEX(Khung_cap_do!$H$2:$H$6,F34) | V34: 1 | W34: 9 | X34: A1.ANIMAL.01 | Y34: TA.MAUCAU | Z34: Bộ mẫu | AA34: [Chọn đáp án] Hoàn thành câu "I like ___." bằng một từ chỉ con vật. A. dogs | B. cakes | C. doors Đáp án: A Ghi chú: Bản gốc là nói/ghi âm (giáo viên chấm rubric); bản app là chọn từ chỉ con vật. | AB34: Mẫu I like và từ chỉ con vật đã được dạy. | AC34: Mở rộng nội bộ; cần rubric và chính sách dữ liệu âm thanh trẻ em. | AD34: Chương trình GDPT 2018 / kế hoạch dạy học của trường; đối chiếu văn bản hiện hành | AE34: Bản mẫu — cần rà soát | AF34: Chờ giáo viên duyệt
A35: EC1-045 | B35: Tiếng Anh | C35: 1 | D35: Theo chương trình trường lựa chọn | E35: Vocabulary in context | F35: 5 | G35: Mở rộng | J35: Nói / chọn tranh | K35: Chọn một đồ vật trong tranh và nói từ tiếng Anh tương ứng trong nhóm đã học. | Q35: Ví dụ: book / pen / bag (nếu đã học). | R35: Nhiều đáp án đúng; đối chiếu vật thể và bộ từ cho phép. | S35: 📕 là book (quyển sách), 🖊️ là pen (bút mực), 🎒 là bag (cái cặp, túi). | T35: 90 | U35: =INDEX(Khung_cap_do!$H$2:$H$6,F35) | V35: 1 | W35: 10 | X35: A1.SCHOOL.01 | Y35: TA.NOINGHIA | Z35: Bộ mẫu | AA35: [Ghép cặp] Nối đồ vật với từ tiếng Anh. Đáp án: 📕 – book; 🖊️ – pen; 🎒 – bag Ghi chú: Bản gốc là nói tên đồ vật trong tranh; bản app là nối tranh với từ. | AB35: Đã học từ chỉ đồ vật xuất hiện. | AC35: Mở rộng nội bộ; cần danh sách đáp án hợp lệ. | AD35: Chương trình GDPT 2018 / kế hoạch dạy học của trường; đối chiếu văn bản hiện hành | AE35: Bản mẫu — cần rà soát | AF35: Chờ giáo viên duyệt
A36: EC1-115 | B36: Tiếng Anh | C36: 1 | D36: Sau Unit 4 | E36: Odd one out | F36: 5 | G36: Mở rộng | J36: Chọn đáp án | K36: Chọn từ KHÁC nhóm. | L36: cat | M36: dog | N36: duck | O36: desk | Q36: D | R36: desk là đồ vật; các từ còn lại là con vật. | S36: cat – mèo, dog – chó, duck – vịt đều là con vật. desk – cái bàn là đồ vật. | T36: 75 | U36: =INDEX(Khung_cap_do!$H$2:$H$6,F36) | V36: 2 | W36: 9 | X36: A1.ANIMAL.01 | Y36: TA.NHOMTU | Z36: Soạn thêm | AB36: Đã học cat (Unit 2), dog, duck, desk (Unit 4). | AC36: Làm quen tiếng Anh lớp 1; từ vựng Global Success 1 (Unit 1–8). | AD36: EduChain Kids soạn thêm (2026-10); bám chương trình GDPT 2018 và trình tự SGK đã chọn | AE36: Bản soạn mới — cần rà soát | AF36: Chờ giáo viên duyệt
A37: EC1-116 | B37: Tiếng Anh | C37: 1 | D37: Sau Unit 5 | E37: Spelling | F37: 5 | G37: Mở rộng | J37: Sắp xếp | K37: Xếp các chữ cái thành từ "con cá": i / f / h / s (Các mục: f / h / i / s) | Q37: f → i → s → h | R37: fish: f – i – s – h. | S37: Con cá là fish, đánh vần f – i – s – h. | T37: 90 | U37: =INDEX(Khung_cap_do!$H$2:$H$6,F37) | V37: 2 | W37: 10 | X37: A1.ABC.02 | Y37: TA.CHUCAI | Z37: Soạn thêm | AB37: Đã học fish (Unit 5). | AC37: Làm quen tiếng Anh lớp 1; từ vựng Global Success 1 (Unit 1–8). | AD37: EduChain Kids soạn thêm (2026-10); bám chương trình GDPT 2018 và trình tự SGK đã chọn | AE37: Bản soạn mới — cần rà soát | AF37: Chờ giáo viên duyệt
A38: EC1-117 | B38: Tiếng Anh | C38: 1 | D38: Sau Unit 8 | E38: Letters | F38: 5 | G38: Mở rộng | J38: Ghép cặp | K38: Nối chữ cái với từ bắt đầu bằng chữ đó. (Vế trái: b / c / h · Vế phải: book / cup / horse) | Q38: b – book; c – cup; h – horse | R38: b – book, c – cup, h – horse. | S38: book bắt đầu bằng b, cup bắt đầu bằng c, horse bắt đầu bằng h. | T38: 90 | U38: =INDEX(Khung_cap_do!$H$2:$H$6,F38) | V38: 3 | W38: 9 | X38: A1.ABC.02 | Y38: TA.NOINGHIA | Z38: Soạn thêm | AB38: Đã học chữ b, c, h và các từ. | AC38: Làm quen tiếng Anh lớp 1; từ vựng Global Success 1 (Unit 1–8). | AD38: EduChain Kids soạn thêm (2026-10); bám chương trình GDPT 2018 và trình tự SGK đã chọn | AE38: Bản soạn mới — cần rà soát | AF38: Chờ giáo viên duyệt
A39: EC1-118 | B39: Tiếng Anh | C39: 1 | D39: Sau Unit 1 | E39: This is my … | F39: 5 | G39: Mở rộng | J39: Chọn đáp án | K39: Bill nói: "This is my bike." Bill đang giới thiệu gì? | L39: Xe đạp của Bill | M39: Quả bóng của Bill | N39: Con mèo của Bill | Q39: A | R39: bike – xe đạp; This is my … – Đây là … của mình. | S39: "This is my bike." nghĩa là "Đây là xe đạp của mình." | T39: 75 | U39: =INDEX(Khung_cap_do!$H$2:$H$6,F39) | V39: 3 | W39: 10 | X39: A1.EXTRA.01 | Y39: TA.MAUCAU | Z39: Soạn thêm | AB39: Đã học bike và mẫu câu This is my … . | AC39: Làm quen tiếng Anh lớp 1; từ vựng Global Success 1 (Unit 1–8). | AD39: EduChain Kids soạn thêm (2026-10); bám chương trình GDPT 2018 và trình tự SGK đã chọn | AE39: Bản soạn mới — cần rà soát | AF39: Chờ giáo viên duyệt
A40: EC1-119 | B40: Tiếng Anh | C40: 1 | D40: Sau Unit 8 | E40: I can see … | F40: 5 | G40: Mở rộng | J40: Điền đáp án | K40: Hoàn thành câu: "I can see a ___." (🐴) | Q40: horse | R40: 🐴 là horse. | S40: Con ngựa là horse: "I can see a horse." | T40: 85 | U40: =INDEX(Khung_cap_do!$H$2:$H$6,F40) | V40: 4 | W40: 9 | X40: A1.ANIMAL.01 | Y40: TA.MAUCAU | Z40: Soạn thêm | AB40: Đã học horse (Unit 8). | AC40: Làm quen tiếng Anh lớp 1; từ vựng Global Success 1 (Unit 1–8). | AD40: EduChain Kids soạn thêm (2026-10); bám chương trình GDPT 2018 và trình tự SGK đã chọn | AE40: Bản soạn mới — cần rà soát | AF40: Chờ giáo viên duyệt
A41: EC1-120 | B41: Tiếng Anh | C41: 1 | D41: Sau Unit 5 | E41: Food and drinks | F41: 5 | G41: Mở rộng | J41: Chọn nhiều đáp án | K41: Chọn TẤT CẢ từ chỉ đồ ăn, đồ uống. | L41: cake | M41: chips | N41: milk | O41: door | Q41: A, B, C | R41: cake, chips, milk ăn/uống được; door là cái cửa. | S41: cake – bánh ngọt, chips – khoai tây chiên, milk – sữa. Door là cái cửa. | T41: 85 | U41: =INDEX(Khung_cap_do!$H$2:$H$6,F41) | V41: 4 | W41: 10 | X41: A1.EXTRA.02 | Y41: TA.NHOMTU | Z41: Soạn thêm | AB41: Đã học cake (Unit 2), chips, milk (Unit 5), door (Unit 4). | AC41: Làm quen tiếng Anh lớp 1; từ vựng Global Success 1 (Unit 1–8). | AD41: EduChain Kids soạn thêm (2026-10); bám chương trình GDPT 2018 và trình tự SGK đã chọn | AE41: Bản soạn mới — cần rà soát | AF41: Chờ giáo viên duyệt

Sheet Ngan_hang_cau_hoi
A1: ID | B1: Môn học | C1: Lớp | D1: Giai đoạn gợi ý | E1: Chủ đề / kỹ năng | F1: Cấp độ | G1: Tên cấp độ | H1: Cấp độ cũ (bộ mẫu) | I1: Lý do điều chỉnh cấp độ | J1: Loại câu hỏi | K1: Câu hỏi / nhiệm vụ | L1: Lựa chọn A | M1: Lựa chọn B | N1: Lựa chọn C | O1: Lựa chọn D | P1: Lựa chọn E | Q1: Đáp án đúng | R1: Lời giải / phản hồi | S1: Lời giải chi tiết | T1: Thời gian (giây) | U1: Điểm khi đúng | V1: Đề ôn | W1: Thứ tự trong đề | X1: Mã YCCĐ | Y1: Mã dạng bài | Z1: Nguồn câu | AA1: Bản dùng trong app (nếu khác câu gốc) | AB1: Điều kiện tiên quyết | AC1: Căn cứ chương trình / lưu ý đối chiếu | AD1: Nguồn / phạm vi | AE1: Trạng thái nội dung | AF1: Trạng thái giáo viên | AG1: Ghi chú kiểm duyệt
A2: EC1-001 | B2: Toán | C2: 1 | D2: Sau khi học số tương ứng | E2: Nhận biết số | F2: 1 | G2: Làm quen | J2: Chọn đáp án | K2: Có 3 quả táo. Số quả táo là số nào? | L2: 2 | M2: 3 | N2: 4 | Q2: B | R2: Đếm lần lượt 1, 2, 3 quả; có 3 quả. | T2: 30 | U2: =INDEX(Khung_cap_do!$H$2:$H$6,F2) | V2: 1 | W2: 1 | X2: T1.SO.01 | Y2: TOAN.DEM | Z2: Bộ mẫu | AB2: Đã học nhận biết số 1–3 và đếm đồ vật tương ứng. | AC2: Minh họa yêu cầu nhận biết số và đếm; giáo viên gắn với tiến trình SGK. | AD2: Chương trình GDPT 2018 / kế hoạch dạy học của trường; đối chiếu văn bản hiện hành | AE2: Bản mẫu — cần rà soát | AF2: Chờ giáo viên duyệt
A3: EC1-002 | B3: Toán | C3: 1 | D3: Sau khi học so sánh số | E3: So sánh số | F3: 1 | G3: Làm quen | J3: Chọn đáp án | K3: Số nào bé hơn 4? | L3: 5 | M3: 3 | N3: 6 | Q3: B | R3: 3 bé hơn 4. | T3: 30 | U3: =INDEX(Khung_cap_do!$H$2:$H$6,F3) | V3: 1 | W3: 2 | X3: T1.SO.02 | Y3: TOAN.SOSANH | Z3: Bộ mẫu | AB3: Các số trong lựa chọn và ý niệm so sánh đã được học. | AC3: Bài tập nhận biết quan hệ số trong phạm vi đã học. | AD3: Chương trình GDPT 2018 / kế hoạch dạy học của trường; đối chiếu văn bản hiện hành | AE3: Bản mẫu — cần rà soát | AF3: Chờ giáo viên duyệt
A4: EC1-003 | B4: Toán | C4: 1 | D4: Sau khi học hình dạng | E4: Hình dạng | F4: 1 | G4: Làm quen | J4: Chọn đáp án | K4: Vật nào thường có dạng hình tròn? | L4: Quả bóng | M4: Quyển sách | N4: Hộp vuông | Q4: A | R4: Quả bóng được minh họa bằng dạng tròn. | T4: 30 | U4: =INDEX(Khung_cap_do!$H$2:$H$6,F4) | V4: 2 | W4: 1 | X4: T1.HH.02 | Y4: TOAN.HINH | Z4: Bộ mẫu | AB4: Đã làm quen với hình dạng được dùng. | AC4: Nhận dạng trực quan; hình minh họa phải rõ. | AD4: Chương trình GDPT 2018 / kế hoạch dạy học của trường; đối chiếu văn bản hiện hành | AE4: Bản mẫu — cần rà soát | AF4: Chờ giáo viên duyệt
A5: EC1-046 | B5: Toán | C5: 1 | D5: Sau khi học các số 0–5 | E5: Đếm số lượng | F5: 1 | G5: Làm quen | J5: Chọn đáp án | K5: Đếm số ngôi sao: ⭐⭐⭐⭐⭐ | L5: 4 | M5: 5 | N5: 6 | Q5: B | R5: Đếm lần lượt 1, 2, 3, 4, 5: có 5 ngôi sao. | T5: 30 | U5: =INDEX(Khung_cap_do!$H$2:$H$6,F5) | V5: 2 | W5: 2 | X5: T1.SO.01 | Y5: TOAN.DEM | Z5: Soạn thêm | AB5: Đã học đếm và nhận biết số đến 5. | AC5: Chương trình GDPT 2018 – Toán 1; đối chiếu SGK Kết nối tri thức. | AD5: EduChain Kids soạn thêm (2026-10); bám chương trình GDPT 2018 và trình tự SGK đã chọn | AE5: Bản soạn mới — cần rà soát | AF5: Chờ giáo viên duyệt
A6: EC1-047 | B6: Toán | C6: 1 | D6: Sau khi học so sánh số | E6: So sánh số | F6: 1 | G6: Làm quen | J6: Đúng / Sai | K6: Số 7 lớn hơn số 5. | L6: Đúng | M6: Sai | Q6: A | R6: Đếm 5, 6, 7: số 7 đứng sau số 5 nên 7 lớn hơn 5. | T6: 30 | U6: =INDEX(Khung_cap_do!$H$2:$H$6,F6) | V6: 3 | W6: 1 | X6: T1.SO.02 | Y6: TOAN.DUNGSAI | Z6: Soạn thêm | AB6: Đã học so sánh các số trong phạm vi 10. | AC6: Chương trình GDPT 2018 – Toán 1; đối chiếu SGK Kết nối tri thức. | AD6: EduChain Kids soạn thêm (2026-10); bám chương trình GDPT 2018 và trình tự SGK đã chọn | AE6: Bản soạn mới — cần rà soát | AF6: Chờ giáo viên duyệt
A7: EC1-048 | B7: Toán | C7: 1 | D7: Sau khi học hình phẳng | E7: Hình dạng | F7: 1 | G7: Làm quen | J7: Chọn đáp án | K7: Hình nào có 3 cạnh? | L7: Hình tam giác | M7: Hình vuông | N7: Hình tròn | Q7: A | R7: Hình tam giác có 3 cạnh. | T7: 30 | U7: =INDEX(Khung_cap_do!$H$2:$H$6,F7) | V7: 3 | W7: 2 | X7: T1.HH.02 | Y7: TOAN.HINH | Z7: Soạn thêm | AB7: Đã học hình vuông, hình tròn, hình tam giác. | AC7: Chương trình GDPT 2018 – Toán 1; đối chiếu SGK Kết nối tri thức. | AD7: EduChain Kids soạn thêm (2026-10); bám chương trình GDPT 2018 và trình tự SGK đã chọn | AE7: Bản soạn mới — cần rà soát | AF7: Chờ giáo viên duyệt
A8: EC1-049 | B8: Toán | C8: 1 | D8: Sau khi học các số 0–10 | E8: Thứ tự số | F8: 1 | G8: Làm quen | J8: Điền đáp án | K8: Đếm tiếp: 4, 5, 6, ... Số tiếp theo là số mấy? | Q8: 7 / bảy | R8: Đếm tiếp sau 6 là 7. | T8: 40 | U8: =INDEX(Khung_cap_do!$H$2:$H$6,F8) | V8: 4 | W8: 1 | X8: T1.SO.01 | Y8: TOAN.SOTHIEU | Z8: Soạn thêm | AB8: Đã học đếm đến 10. | AC8: Chương trình GDPT 2018 – Toán 1; đối chiếu SGK Kết nối tri thức. | AD8: EduChain Kids soạn thêm (2026-10); bám chương trình GDPT 2018 và trình tự SGK đã chọn | AE8: Bản soạn mới — cần rà soát | AF8: Chờ giáo viên duyệt
A9: EC1-050 | B9: Toán | C9: 1 | D9: Sau khi học số 0 | E9: Số 0 | F9: 1 | G9: Làm quen | J9: Chọn đáp án | K9: Trong đĩa không có quả nào. Số quả trong đĩa là số mấy? | L9: 0 | M9: 1 | N9: 2 | Q9: A | R9: Không có quả nào thì viết số 0. | T9: 30 | U9: =INDEX(Khung_cap_do!$H$2:$H$6,F9) | V9: 4 | W9: 2 | X9: T1.SO.01 | Y9: TOAN.DEM | Z9: Soạn thêm | AB9: Đã học số 0. | AC9: Chương trình GDPT 2018 – Toán 1; đối chiếu SGK Kết nối tri thức. | AD9: EduChain Kids soạn thêm (2026-10); bám chương trình GDPT 2018 và trình tự SGK đã chọn | AE9: Bản soạn mới — cần rà soát | AF9: Chờ giáo viên duyệt
A10: EC1-004 | B10: Toán | C10: 1 | D10: Sau khi học phép cộng phù hợp | E10: Phép cộng | F10: 2 | G10: Cơ bản | J10: Điền đáp án | K10: 2 + 1 = ? | Q10: 3 | R10: Có 2 đồ vật, thêm 1 thì có 3. | T10: 50 | U10: =INDEX(Khung_cap_do!$H$2:$H$6,F10) | V10: 1 | W10: 3 | X10: T1.PT.02 | Y10: TOAN.TINH | Z10: Bộ mẫu | AB10: Đã học phép cộng với các số này. | AC10: Chỉ dùng khi phép tính đã được dạy. | AD10: Chương trình GDPT 2018 / kế hoạch dạy học của trường; đối chiếu văn bản hiện hành | AE10: Bản mẫu — cần rà soát | AF10: Chờ giáo viên duyệt
A11: EC1-005 | B11: Toán | C11: 1 | D11: Sau khi học so sánh | E11: So sánh số lượng | F11: 2 | G11: Cơ bản | J11: Chọn đáp án | K11: Nhóm 5 con cá và nhóm 3 con cá. Nhóm nào nhiều hơn? | L11: Nhóm 5 con | M11: Nhóm 3 con | N11: Bằng nhau | Q11: A | R11: 5 nhiều hơn 3. | T11: 40 | U11: =INDEX(Khung_cap_do!$H$2:$H$6,F11) | V11: 1 | W11: 4 | X11: T1.SO.02 | Y11: TOAN.SOSANH | Z11: Bộ mẫu | AB11: Đã học đếm và so sánh trong phạm vi tương ứng. | AC11: Tình huống quen thuộc, không cần kiến thức mới. | AD11: Chương trình GDPT 2018 / kế hoạch dạy học của trường; đối chiếu văn bản hiện hành | AE11: Bản mẫu — cần rà soát | AF11: Chờ giáo viên duyệt
A12: EC1-006 | B12: Toán | C12: 1 | D12: Sau khi học phép trừ phù hợp | E12: Phép trừ | F12: 2 | G12: Cơ bản | J12: Điền đáp án | K12: 4 − 1 = ? | Q12: 3 | R12: Bớt 1 từ 4 còn 3. | T12: 50 | U12: =INDEX(Khung_cap_do!$H$2:$H$6,F12) | V12: 2 | W12: 3 | X12: T1.PT.02 | Y12: TOAN.TINH | Z12: Bộ mẫu | AB12: Đã học phép trừ với các số này. | AC12: Điều chỉnh phạm vi số theo tiến trình. | AD12: Chương trình GDPT 2018 / kế hoạch dạy học của trường; đối chiếu văn bản hiện hành | AE12: Bản mẫu — cần rà soát | AF12: Chờ giáo viên duyệt
A13: EC1-051 | B13: Toán | C13: 1 | D13: Sau khi học phép cộng trong phạm vi 10 | E13: Phép cộng | F13: 2 | G13: Cơ bản | J13: Điền đáp án | K13: 3 + 4 = ? | Q13: 7 / bảy | R13: 3 thêm 4 là 7. | T13: 50 | U13: =INDEX(Khung_cap_do!$H$2:$H$6,F13) | V13: 2 | W13: 4 | X13: T1.PT.02 | Y13: TOAN.TINH | Z13: Soạn thêm | AB13: Đã học cộng trong phạm vi 10. | AC13: Chương trình GDPT 2018 – Toán 1; đối chiếu SGK Kết nối tri thức. | AD13: EduChain Kids soạn thêm (2026-10); bám chương trình GDPT 2018 và trình tự SGK đã chọn | AE13: Bản soạn mới — cần rà soát | AF13: Chờ giáo viên duyệt
A14: EC1-052 | B14: Toán | C14: 1 | D14: Sau khi học phép trừ trong phạm vi 10 | E14: Phép trừ | F14: 2 | G14: Cơ bản | J14: Điền đáp án | K14: 9 − 5 = ? | Q14: 4 / bốn | R14: 9 bớt 5 còn 4. | T14: 50 | U14: =INDEX(Khung_cap_do!$H$2:$H$6,F14) | V14: 3 | W14: 3 | X14: T1.PT.02 | Y14: TOAN.TINH | Z14: Soạn thêm | AB14: Đã học trừ trong phạm vi 10. | AC14: Chương trình GDPT 2018 – Toán 1; đối chiếu SGK Kết nối tri thức. | AD14: EduChain Kids soạn thêm (2026-10); bám chương trình GDPT 2018 và trình tự SGK đã chọn | AE14: Bản soạn mới — cần rà soát | AF14: Chờ giáo viên duyệt
A15: EC1-053 | B15: Toán | C15: 1 | D15: Sau khi học dấu >, <, = | E15: So sánh số | F15: 2 | G15: Cơ bản | J15: Chọn đáp án | K15: Chọn dấu đúng: 6 ... 8 | L15: > | M15: < | N15: = | Q15: B | R15: 6 bé hơn 8 nên điền dấu <. | T15: 40 | U15: =INDEX(Khung_cap_do!$H$2:$H$6,F15) | V15: 3 | W15: 4 | X15: T1.SO.02 | Y15: TOAN.SOSANH | Z15: Soạn thêm | AB15: Đã học các dấu >, <, =. | AC15: Chương trình GDPT 2018 – Toán 1; đối chiếu SGK Kết nối tri thức. | AD15: EduChain Kids soạn thêm (2026-10); bám chương trình GDPT 2018 và trình tự SGK đã chọn | AE15: Bản soạn mới — cần rà soát | AF15: Chờ giáo viên duyệt
A16: EC1-054 | B16: Toán | C16: 1 | D16: Sau khi học so sánh, xếp thứ tự số | E16: Xếp thứ tự số | F16: 2 | G16: Cơ bản | J16: Sắp xếp | K16: Xếp các số theo thứ tự từ bé đến lớn. (Các mục: 2 / 5 / 7 / 9) | Q16: 2 → 5 → 7 → 9 | R16: Từ bé đến lớn: 2, 5, 7, 9. | T16: 55 | U16: =INDEX(Khung_cap_do!$H$2:$H$6,F16) | V16: 4 | W16: 3 | X16: T1.SO.02 | Y16: TOAN.SAPXEP | Z16: Soạn thêm | AB16: Đã học so sánh số trong phạm vi 10. | AC16: Chương trình GDPT 2018 – Toán 1; đối chiếu SGK Kết nối tri thức. | AD16: EduChain Kids soạn thêm (2026-10); bám chương trình GDPT 2018 và trình tự SGK đã chọn | AE16: Bản soạn mới — cần rà soát | AF16: Chờ giáo viên duyệt
A17: EC1-055 | B17: Toán | C17: 1 | D17: Sau khi học cộng, trừ trong phạm vi 10 | E17: Tính nhẩm | F17: 2 | G17: Cơ bản | J17: Chọn đáp án | K17: Phép tính nào có kết quả bằng 5? | L17: 2 + 3 | M17: 4 + 2 | N17: 6 − 2 | Q17: A | R17: 2 + 3 = 5; 4 + 2 = 6; 6 − 2 = 4. | T17: 40 | U17: =INDEX(Khung_cap_do!$H$2:$H$6,F17) | V17: 4 | W17: 4 | X17: T1.PT.02 | Y17: TOAN.TINH | Z17: Soạn thêm | AB17: Đã học cộng, trừ trong phạm vi 10. | AC17: Chương trình GDPT 2018 – Toán 1; đối chiếu SGK Kết nối tri thức. | AD17: EduChain Kids soạn thêm (2026-10); bám chương trình GDPT 2018 và trình tự SGK đã chọn | AE17: Bản soạn mới — cần rà soát | AF17: Chờ giáo viên duyệt
A18: EC1-007 | B18: Toán | C18: 1 | D18: Sau khi học cộng tương ứng | E18: Toán có lời văn | F18: 3 | G18: Vận dụng | J18: Điền đáp án | K18: Mai có 2 bút chì, được tặng thêm 2. Mai có tất cả bao nhiêu bút chì? | Q18: 4 | R18: Thêm vào nên tính 2 + 2 = 4. | S18: Được tặng thêm là gộp lại, ta làm phép cộng: 2 + 2 = 4. Mai có 4 bút chì. | T18: 70 | U18: =INDEX(Khung_cap_do!$H$2:$H$6,F18) | V18: 1 | W18: 5 | X18: T1.PT.03 | Y18: TOAN.LOIVAN | Z18: Bộ mẫu | AB18: Đã học phép cộng 2 + 2 và tình huống thêm vào. | AC18: Vận dụng kiến thức trong tình huống quen thuộc. | AD18: Chương trình GDPT 2018 / kế hoạch dạy học của trường; đối chiếu văn bản hiện hành | AE18: Bản mẫu — cần rà soát | AF18: Chờ giáo viên duyệt
A19: EC1-008 | B19: Toán | C19: 1 | D19: Sau khi học trừ tương ứng | E19: Toán có lời văn | F19: 3 | G19: Vận dụng | J19: Điền đáp án | K19: Có 5 con chim, 2 con bay đi. Còn lại bao nhiêu con? | Q19: 3 | R19: Bớt đi nên tính 5 − 2 = 3. | S19: Bay đi là bớt đi, ta làm phép trừ: 5 − 2 = 3. Còn lại 3 con chim. | T19: 60 | U19: =INDEX(Khung_cap_do!$H$2:$H$6,F19) | V19: 1 | W19: 6 | X19: T1.PT.03 | Y19: TOAN.LOIVAN | Z19: Bộ mẫu | AB19: Đã học phép trừ 5 − 2. | AC19: Chỉ phát hành khi phù hợp tiến trình lớp. | AD19: Chương trình GDPT 2018 / kế hoạch dạy học của trường; đối chiếu văn bản hiện hành | AE19: Bản mẫu — cần rà soát | AF19: Chờ giáo viên duyệt
A20: EC1-009 | B20: Toán | C20: 1 | D20: Sau khi học tách/gộp số | E20: Tách và gộp số | F20: 3 | G20: Vận dụng | J20: Điền đáp án | K20: Có 5 khối gỗ, 2 khối đỏ, còn lại xanh. Có mấy khối xanh? | Q20: 3 | R20: 5 − 2 = 3. | S20: Lấy tất cả trừ đi số khối đỏ: 5 − 2 = 3. Có 3 khối xanh. | T20: 60 | U20: =INDEX(Khung_cap_do!$H$2:$H$6,F20) | V20: 2 | W20: 5 | X20: T1.PT.03 | Y20: TOAN.LOIVAN | Z20: Bộ mẫu | AB20: Đã học tách/gộp hoặc phép trừ tương ứng. | AC20: Giáo viên rà soát mạch kiến thức. | AD20: Chương trình GDPT 2018 / kế hoạch dạy học của trường; đối chiếu văn bản hiện hành | AE20: Bản mẫu — cần rà soát | AF20: Chờ giáo viên duyệt
A21: EC1-012 | B21: Toán | C21: 1 | D21: Sau khi học phép cộng phù hợp | E21: Giải quyết vấn đề | F21: 3 | G21: Vận dụng | H21: 4 | I21: Cùng dạng "thêm vào" với EC1-007 (một phép tính), nên xếp L3. | J21: Điền đáp án | K21: Có 2 con vịt, 3 con đi tới. Có tất cả bao nhiêu con? | Q21: 5 | R21: Có thêm vịt: 2 + 3 = 5. | S21: Đi tới là thêm vào: 2 + 3 = 5. Có tất cả 5 con vịt. | T21: 60 | U21: =INDEX(Khung_cap_do!$H$2:$H$6,F21) | V21: 2 | W21: 6 | X21: T1.PT.03 | Y21: TOAN.LOIVAN | Z21: Bộ mẫu | AB21: Đã học phép cộng 2 + 3. | AC21: Không dùng nếu phép tính chưa được dạy. | AD21: Chương trình GDPT 2018 / kế hoạch dạy học của trường; đối chiếu văn bản hiện hành | AE21: Bản mẫu — cần rà soát | AF21: Chờ giáo viên duyệt
A22: EC1-015 | B22: Toán | C22: 1 | D22: Ôn tập cuối giai đoạn | E22: Tổng hợp | F22: 3 | G22: Vận dụng | H22: 5 | I22: Chỉ cần một phép trừ quen thuộc, chưa phải tình huống mở rộng; xếp L3. | J22: Chọn đáp án | K22: Có 6 chiếc lá, 2 chiếc rơi xuống. Còn lại bao nhiêu? | L22: 8 | M22: 4 | N22: 3 | Q22: B | R22: 6 − 2 = 4. | S22: Rơi xuống là bớt đi: 6 − 2 = 4. Còn lại 4 chiếc lá. | T22: 50 | U22: =INDEX(Khung_cap_do!$H$2:$H$6,F22) | V22: 3 | W22: 5 | X22: T1.PT.03 | Y22: TOAN.LOIVAN | Z22: Bộ mẫu | AB22: Đã học phép trừ 6 − 2. | AC22: Chỉ dùng nếu tất cả kiến thức đã được học. | AD22: Chương trình GDPT 2018 / kế hoạch dạy học của trường; đối chiếu văn bản hiện hành | AE22: Bản mẫu — cần rà soát | AF22: Chờ giáo viên duyệt
A23: EC1-056 | B23: Toán | C23: 1 | D23: Sau khi học phép cộng trong phạm vi 10 | E23: Toán có lời văn | F23: 3 | G23: Vận dụng | J23: Điền đáp án | K23: Trong vườn có 6 cây cam và 3 cây bưởi. Vườn có tất cả bao nhiêu cây? | Q23: 9 / chín | R23: 6 + 3 = 9. | S23: Gộp cây cam và cây bưởi: 6 + 3 = 9. Vườn có 9 cây. | T23: 70 | U23: =INDEX(Khung_cap_do!$H$2:$H$6,F23) | V23: 3 | W23: 6 | X23: T1.PT.03 | Y23: TOAN.LOIVAN | Z23: Soạn thêm | AB23: Đã học cộng trong phạm vi 10. | AC23: Chương trình GDPT 2018 – Toán 1; đối chiếu SGK Kết nối tri thức. | AD23: EduChain Kids soạn thêm (2026-10); bám chương trình GDPT 2018 và trình tự SGK đã chọn | AE23: Bản soạn mới — cần rà soát | AF23: Chờ giáo viên duyệt
A24: EC1-057 | B24: Toán | C24: 1 | D24: Sau khi học phép trừ trong phạm vi 10 | E24: Toán có lời văn | F24: 3 | G24: Vận dụng | J24: Điền đáp án | K24: Bình có 8 cái kẹo, Bình cho em 3 cái. Bình còn lại mấy cái kẹo? | Q24: 5 / năm | R24: 8 − 3 = 5. | S24: Cho em là bớt đi: 8 − 3 = 5. Bình còn 5 cái kẹo. | T24: 70 | U24: =INDEX(Khung_cap_do!$H$2:$H$6,F24) | V24: 4 | W24: 5 | X24: T1.PT.03 | Y24: TOAN.LOIVAN | Z24: Soạn thêm | AB24: Đã học trừ trong phạm vi 10. | AC24: Chương trình GDPT 2018 – Toán 1; đối chiếu SGK Kết nối tri thức. | AD24: EduChain Kids soạn thêm (2026-10); bám chương trình GDPT 2018 và trình tự SGK đã chọn | AE24: Bản soạn mới — cần rà soát | AF24: Chờ giáo viên duyệt
A25: EC1-058 | B25: Toán | C25: 1 | D25: Sau khi học cộng, trừ trong phạm vi 10 | E25: Tính nhẩm | F25: 3 | G25: Vận dụng | J25: Chọn nhiều đáp án | K25: Chọn TẤT CẢ phép tính có kết quả bằng 6. | L25: 3 + 3 | M25: 4 + 2 | N25: 9 − 2 | O25: 10 − 4 | Q25: A, B, D | R25: 3 + 3 = 6; 4 + 2 = 6; 10 − 4 = 6; còn 9 − 2 = 7. | S25: Tính từng phép: 3 + 3 = 6, 4 + 2 = 6, 9 − 2 = 7, 10 − 4 = 6. Chọn 3 phép có kết quả 6. | T25: 60 | U25: =INDEX(Khung_cap_do!$H$2:$H$6,F25) | V25: 4 | W25: 6 | X25: T1.PT.02 | Y25: TOAN.TINH | Z25: Soạn thêm | AB25: Đã học cộng, trừ trong phạm vi 10. | AC25: Chương trình GDPT 2018 – Toán 1; đối chiếu SGK Kết nối tri thức. | AD25: EduChain Kids soạn thêm (2026-10); bám chương trình GDPT 2018 và trình tự SGK đã chọn | AE25: Bản soạn mới — cần rà soát | AF25: Chờ giáo viên duyệt
A26: EC1-010 | B26: Toán | C26: 1 | D26: Sau khi học cộng phù hợp | E26: Chọn phép tính | F26: 4 | G26: Thử thách | J26: Chọn đáp án | K26: An có 3 viên bi, Bình có 2 viên. Cả hai có bao nhiêu viên? | L26: 3 − 2 = 1 | M26: 3 + 2 = 5 | N26: 3 = 2 | Q26: B | R26: Gộp số bi: 3 + 2 = 5. | S26: "Cả hai" là gộp lại, ta chọn phép cộng: 3 + 2 = 5. | T26: 60 | U26: =INDEX(Khung_cap_do!$H$2:$H$6,F26) | V26: 1 | W26: 7 | X26: T1.PT.07 | Y26: TOAN.LOIVAN | Z26: Bộ mẫu | AB26: Đã học cộng trong phạm vi 5. | AC26: Khó hơn ở việc chọn phép tính, không phải kiến thức mới. | AD26: Chương trình GDPT 2018 / kế hoạch dạy học của trường; đối chiếu văn bản hiện hành | AE26: Bản mẫu — cần rà soát | AF26: Chờ giáo viên duyệt
A27: EC1-011 | B27: Toán | C27: 1 | D27: Sau khi học dãy số | E27: Quy luật | F27: 4 | G27: Thử thách | J27: Chọn đáp án | K27: Dãy 1, 2, 1, 2, __. Số tiếp theo là gì? | L27: 1 | M27: 3 | N27: 4 | Q27: A | R27: Dãy lặp lại 1 rồi 2. | S27: Các số lặp lại theo nhóm "1, 2". Sau 2 lại là 1. | T27: 60 | U27: =INDEX(Khung_cap_do!$H$2:$H$6,F27) | V27: 1 | W27: 8 | X27: T1.SO.01 | Y27: TOAN.SOTHIEU | Z27: Bộ mẫu | AB27: Đọc được các số trong dãy. | AC27: Bài mở rộng; không thay thế nội dung cốt lõi. | AD27: Chương trình GDPT 2018 / kế hoạch dạy học của trường; đối chiếu văn bản hiện hành | AE27: Bản mẫu — cần rà soát | AF27: Chờ giáo viên duyệt
A28: EC1-059 | B28: Toán | C28: 1 | D28: Sau khi học phép trừ trong phạm vi 10 | E28: Chọn phép tính | F28: 4 | G28: Thử thách | J28: Chọn đáp án | K28: Có 7 bạn đang chơi, 2 bạn về nhà. Phép tính nào đúng? | L28: 7 + 2 = 9 | M28: 7 − 2 = 5 | N28: 5 − 2 = 3 | Q28: B | R28: Về nhà là bớt đi: 7 − 2 = 5. | S28: Lúc đầu có 7 bạn, 2 bạn về nhà nên bớt đi 2: 7 − 2 = 5. | T28: 60 | U28: =INDEX(Khung_cap_do!$H$2:$H$6,F28) | V28: 2 | W28: 7 | X28: T1.PT.07 | Y28: TOAN.LOIVAN | Z28: Soạn thêm | AB28: Đã học trừ và bài toán có lời văn đơn giản. | AC28: Chương trình GDPT 2018 – Toán 1; đối chiếu SGK Kết nối tri thức. | AD28: EduChain Kids soạn thêm (2026-10); bám chương trình GDPT 2018 và trình tự SGK đã chọn | AE28: Bản soạn mới — cần rà soát | AF28: Chờ giáo viên duyệt
A29: EC1-060 | B29: Toán | C29: 1 | D29: Sau khi học phép cộng trong phạm vi 10 | E29: Tìm số còn thiếu | F29: 4 | G29: Thử thách | J29: Điền đáp án | K29: Điền số còn thiếu: 3 + ... = 8 | Q29: 5 / năm | R29: 3 + 5 = 8. | S29: Đếm thêm từ 3 đến 8: 4, 5, 6, 7, 8 là 5 bước. Vậy 3 + 5 = 8. | T29: 70 | U29: =INDEX(Khung_cap_do!$H$2:$H$6,F29) | V29: 2 | W29: 8 | X29: T1.PT.02 | Y29: TOAN.SOTHIEU | Z29: Soạn thêm | AB29: Đã học cộng trong phạm vi 10. | AC29: Chương trình GDPT 2018 – Toán 1; đối chiếu SGK Kết nối tri thức. | AD29: EduChain Kids soạn thêm (2026-10); bám chương trình GDPT 2018 và trình tự SGK đã chọn | AE29: Bản soạn mới — cần rà soát | AF29: Chờ giáo viên duyệt
A30: EC1-061 | B30: Toán | C30: 1 | D30: Sau khi học các số 0–10 | E30: Quy luật dãy số | F30: 4 | G30: Thử thách | J30: Điền đáp án | K30: Dãy số: 2, 4, 6, ... Số tiếp theo là số mấy? | Q30: 8 / tám | R30: Mỗi lần thêm 2: 6 + 2 = 8. | S30: 2 lên 4 thêm 2, 4 lên 6 thêm 2. Vậy sau 6 là 6 + 2 = 8. | T30: 70 | U30: =INDEX(Khung_cap_do!$H$2:$H$6,F30) | V30: 3 | W30: 7 | X30: T1.SO.01 | Y30: TOAN.SOTHIEU | Z30: Soạn thêm | AB30: Đã học đếm, cộng trong phạm vi 10. | AC30: Chương trình GDPT 2018 – Toán 1; đối chiếu SGK Kết nối tri thức. | AD30: EduChain Kids soạn thêm (2026-10); bám chương trình GDPT 2018 và trình tự SGK đã chọn | AE30: Bản soạn mới — cần rà soát | AF30: Chờ giáo viên duyệt
A31: EC1-062 | B31: Toán | C31: 1 | D31: Sau khi học cộng, trừ trong phạm vi 10 | E31: So sánh kết quả phép tính | F31: 4 | G31: Thử thách | J31: Đúng / Sai | K31: 4 + 3 = 9 − 2 | L31: Đúng | M31: Sai | Q31: A | R31: 4 + 3 = 7 và 9 − 2 = 7, hai bên bằng nhau. | S31: Tính bên trái: 4 + 3 = 7. Tính bên phải: 9 − 2 = 7. Hai bên đều bằng 7 nên đúng. | T31: 60 | U31: =INDEX(Khung_cap_do!$H$2:$H$6,F31) | V31: 3 | W31: 8 | X31: T1.PT.02 | Y31: TOAN.DUNGSAI | Z31: Soạn thêm | AB31: Đã học cộng, trừ trong phạm vi 10. | AC31: Chương trình GDPT 2018 – Toán 1; đối chiếu SGK Kết nối tri thức. | AD31: EduChain Kids soạn thêm (2026-10); bám chương trình GDPT 2018 và trình tự SGK đã chọn | AE31: Bản soạn mới — cần rà soát | AF31: Chờ giáo viên duyệt
A32: EC1-063 | B32: Toán | C32: 1 | D32: Sau khi học tính có hai dấu phép tính | E32: Toán có lời văn hai bước | F32: 4 | G32: Thử thách | J32: Điền đáp án | K32: Có 10 quả táo. Mẹ biếu bà 3 quả, cho bé 2 quả. Còn lại mấy quả? | Q32: 5 / năm | R32: 10 − 3 − 2 = 5. | S32: Biếu bà 3 quả: 10 − 3 = 7. Cho bé 2 quả: 7 − 2 = 5. Còn lại 5 quả. | T32: 80 | U32: =INDEX(Khung_cap_do!$H$2:$H$6,F32) | V32: 4 | W32: 7 | X32: T1.PT.06 | Y32: TOAN.LOIVAN | Z32: Soạn thêm | AB32: Đã làm quen phép tính có hai dấu. | AC32: Chương trình GDPT 2018 – Toán 1; đối chiếu SGK Kết nối tri thức. | AD32: EduChain Kids soạn thêm (2026-10); bám chương trình GDPT 2018 và trình tự SGK đã chọn | AE32: Bản soạn mới — cần rà soát | AF32: Chờ giáo viên duyệt
A33: EC1-064 | B33: Toán | C33: 1 | D33: Sau khi học phép cộng trong phạm vi 10 | E33: Lập phép tính | F33: 4 | G33: Thử thách | J33: Chọn đáp án | K33: Dùng 3 số 2, 5, 7 lập phép tính đúng. | L33: 2 + 5 = 7 | M33: 5 + 7 = 2 | N33: 2 + 7 = 5 | Q33: A | R33: 2 + 5 = 7 là phép tính đúng. | S33: Thử từng phép: 2 + 5 = 7 đúng; 5 + 7 không bằng 2; 2 + 7 không bằng 5. | T33: 60 | U33: =INDEX(Khung_cap_do!$H$2:$H$6,F33) | V33: 4 | W33: 8 | X33: T1.PT.02 | Y33: TOAN.TINH | Z33: Soạn thêm | AB33: Đã học cộng trong phạm vi 10. | AC33: Chương trình GDPT 2018 – Toán 1; đối chiếu SGK Kết nối tri thức. | AD33: EduChain Kids soạn thêm (2026-10); bám chương trình GDPT 2018 và trình tự SGK đã chọn | AE33: Bản soạn mới — cần rà soát | AF33: Chờ giáo viên duyệt
A34: EC1-013 | B34: Toán | C34: 1 | D34: Sau khi học tách/gộp số | E34: Lập luận số | F34: 5 | G34: Mở rộng | J34: Trả lời ngắn | K34: Có 5 khối. Chia thành 2 nhóm, mỗi nhóm ít nhất 1 khối. Nêu một cách chia. | Q34: Ví dụ: 1 và 4; 2 và 3. | R34: Chấp nhận mọi cách chia hợp lệ thành hai nhóm không rỗng. | S34: Hai nhóm gộp lại phải bằng 5: 1 + 4 = 5, 2 + 3 = 5. Còn 2 + 2 = 4 và 3 + 3 = 6 không đúng. | T34: 95 | U34: =INDEX(Khung_cap_do!$H$2:$H$6,F34) | V34: 1 | W34: 9 | X34: T1.PT.01 | Y34: TOAN.TINH | Z34: Bộ mẫu | AA34: [Chọn nhiều đáp án] Có 5 khối, chia thành 2 nhóm (mỗi nhóm ít nhất 1 khối). Chọn TẤT CẢ cách chia đúng. A. 1 và 4 | B. 2 và 3 | C. 2 và 2 | D. 3 và 3 Đáp án: A, B Ghi chú: Bản app chuyển câu trả lời mở thành "chọn tất cả cách chia đúng" để chấm tự động. | AB34: Đã học tách/gộp số. | AC34: Mở rộng nội bộ; cần rubric, không phải chuẩn chính thức. | AD34: Chương trình GDPT 2018 / kế hoạch dạy học của trường; đối chiếu văn bản hiện hành | AE34: Bản mẫu — cần rà soát | AF34: Chờ giáo viên duyệt
A35: EC1-014 | B35: Toán | C35: 1 | D35: Sau khi học quan hệ số lượng | E35: Chọn chiến lược | F35: 5 | G35: Mở rộng | J35: Trả lời ngắn | K35: Có 4 chiếc cốc và 3 bông hoa. Còn thiếu mấy bông để mỗi cốc có một bông? | Q35: 1 | R35: 4 − 3 = 1; còn thiếu 1 bông. | S35: Cắm mỗi cốc một bông: 3 bông cắm được 3 cốc, còn 1 cốc chưa có hoa. 4 − 3 = 1. | T35: 95 | U35: =INDEX(Khung_cap_do!$H$2:$H$6,F35) | V35: 1 | W35: 10 | X35: T1.PT.03 | Y35: TOAN.LOIVAN | Z35: Bộ mẫu | AA35: [Điền đáp án] Có 4 chiếc cốc và 3 bông hoa. Còn thiếu mấy bông để mỗi cốc có một bông? Đáp án: 1 / một Ghi chú: Bản app chấm theo dạng điền số (chấp nhận "1" hoặc "một"). | AB35: Đã học đếm và quan hệ số lượng tương ứng. | AC35: Tình huống mở rộng trên kiến thức đã học. | AD35: Chương trình GDPT 2018 / kế hoạch dạy học của trường; đối chiếu văn bản hiện hành | AE35: Bản mẫu — cần rà soát | AF35: Chờ giáo viên duyệt
A36: EC1-065 | B36: Toán | C36: 1 | D36: Sau khi học tách, gộp số | E36: Tách – gộp số | F36: 5 | G36: Mở rộng | J36: Chọn nhiều đáp án | K36: Chọn TẤT CẢ cặp số cộng lại bằng 7. | L36: 1 và 6 | M36: 2 và 5 | N36: 3 và 3 | O36: 4 và 3 | Q36: A, B, D | R36: 1 + 6 = 7; 2 + 5 = 7; 4 + 3 = 7; còn 3 + 3 = 6. | S36: Cộng từng cặp: 1 + 6 = 7, 2 + 5 = 7, 3 + 3 = 6, 4 + 3 = 7. | T36: 85 | U36: =INDEX(Khung_cap_do!$H$2:$H$6,F36) | V36: 2 | W36: 9 | X36: T1.PT.02 | Y36: TOAN.TINH | Z36: Soạn thêm | AB36: Đã học cộng trong phạm vi 10. | AC36: Chương trình GDPT 2018 – Toán 1; đối chiếu SGK Kết nối tri thức. | AD36: EduChain Kids soạn thêm (2026-10); bám chương trình GDPT 2018 và trình tự SGK đã chọn | AE36: Bản soạn mới — cần rà soát | AF36: Chờ giáo viên duyệt
A37: EC1-066 | B37: Toán | C37: 1 | D37: Sau khi học cộng, trừ trong phạm vi 10 | E37: Lập luận số | F37: 5 | G37: Mở rộng | J37: Điền đáp án | K37: Nam nghĩ một số. Lấy số đó cộng 3 thì được 9. Nam nghĩ số mấy? | Q37: 6 / sáu | R37: 6 + 3 = 9. | S37: Ta cần số ... + 3 = 9. Lấy 9 − 3 = 6. Thử lại: 6 + 3 = 9. | T37: 95 | U37: =INDEX(Khung_cap_do!$H$2:$H$6,F37) | V37: 2 | W37: 10 | X37: T1.PT.02 | Y37: TOAN.SOTHIEU | Z37: Soạn thêm | AB37: Đã học quan hệ cộng – trừ. | AC37: Chương trình GDPT 2018 – Toán 1; đối chiếu SGK Kết nối tri thức. | AD37: EduChain Kids soạn thêm (2026-10); bám chương trình GDPT 2018 và trình tự SGK đã chọn | AE37: Bản soạn mới — cần rà soát | AF37: Chờ giáo viên duyệt
A38: EC1-067 | B38: Toán | C38: 1 | D38: Sau khi học vị trí trước – sau | E38: Vị trí, thứ tự | F38: 5 | G38: Mở rộng | J38: Chọn đáp án | K38: Có 6 bạn xếp hàng. Mai đứng thứ 2 tính từ đầu hàng. Sau Mai có mấy bạn? | L38: 3 | M38: 4 | N38: 5 | Q38: B | R38: Trước Mai có 1 bạn, Mai là 1 bạn: 6 − 2 = 4. | S38: Tính từ đầu hàng có bạn thứ nhất và Mai là 2 bạn. Còn lại 6 − 2 = 4 bạn đứng sau Mai. | T38: 85 | U38: =INDEX(Khung_cap_do!$H$2:$H$6,F38) | V38: 3 | W38: 9 | X38: T1.HH.01 | Y38: TOAN.LOIVAN | Z38: Soạn thêm | AB38: Đã học trước – sau và trừ trong phạm vi 10. | AC38: Chương trình GDPT 2018 – Toán 1; đối chiếu SGK Kết nối tri thức. | AD38: EduChain Kids soạn thêm (2026-10); bám chương trình GDPT 2018 và trình tự SGK đã chọn | AE38: Bản soạn mới — cần rà soát | AF38: Chờ giáo viên duyệt
A39: EC1-068 | B39: Toán | C39: 1 | D39: Sau khi học cộng, trừ trong phạm vi 10 | E39: Tìm số còn thiếu | F39: 5 | G39: Mở rộng | J39: Điền đáp án | K39: Điền số: 10 − ... = 4 + 2 | Q39: 4 / bốn | R39: 4 + 2 = 6 và 10 − 4 = 6. | S39: Tính bên phải: 4 + 2 = 6. Cần 10 − ... = 6. Lấy 10 − 6 = 4. | T39: 85 | U39: =INDEX(Khung_cap_do!$H$2:$H$6,F39) | V39: 3 | W39: 10 | X39: T1.PT.06 | Y39: TOAN.SOTHIEU | Z39: Soạn thêm | AB39: Đã học cộng, trừ trong phạm vi 10. | AC39: Chương trình GDPT 2018 – Toán 1; đối chiếu SGK Kết nối tri thức. | AD39: EduChain Kids soạn thêm (2026-10); bám chương trình GDPT 2018 và trình tự SGK đã chọn | AE39: Bản soạn mới — cần rà soát | AF39: Chờ giáo viên duyệt
A40: EC1-069 | B40: Toán | C40: 1 | D40: Sau khi học cộng, trừ và so sánh số | E40: Tính rồi so sánh | F40: 5 | G40: Mở rộng | J40: Sắp xếp | K40: Xếp các phép tính theo kết quả từ bé đến lớn. (Các mục: 1 + 2 / 3 + 2 / 5 − 4 / 9 − 1) | Q40: 5 − 4 → 1 + 2 → 3 + 2 → 9 − 1 | R40: Kết quả lần lượt 1, 3, 5, 8. | S40: Tính trước: 5 − 4 = 1; 1 + 2 = 3; 3 + 2 = 5; 9 − 1 = 8. Xếp 1, 3, 5, 8. | T40: 90 | U40: =INDEX(Khung_cap_do!$H$2:$H$6,F40) | V40: 4 | W40: 9 | X40: T1.SO.02 | Y40: TOAN.SAPXEP | Z40: Soạn thêm | AB40: Đã học cộng, trừ, so sánh trong phạm vi 10. | AC40: Chương trình GDPT 2018 – Toán 1; đối chiếu SGK Kết nối tri thức. | AD40: EduChain Kids soạn thêm (2026-10); bám chương trình GDPT 2018 và trình tự SGK đã chọn | AE40: Bản soạn mới — cần rà soát | AF40: Chờ giáo viên duyệt
A41: EC1-070 | B41: Toán | C41: 1 | D41: Sau khi học tính có hai dấu phép tính | E41: Giải quyết vấn đề | F41: 5 | G41: Mở rộng | J41: Đúng / Sai | K41: Một con gà có 2 chân. 3 con gà có tất cả 6 chân. | L41: Đúng | M41: Sai | Q41: A | R41: 2 + 2 + 2 = 6. | S41: Mỗi con 2 chân, 3 con: 2 + 2 + 2 = 6 chân. Câu đúng. | T41: 75 | U41: =INDEX(Khung_cap_do!$H$2:$H$6,F41) | V41: 4 | W41: 10 | X41: T1.PT.03 | Y41: TOAN.DUNGSAI | Z41: Soạn thêm | AB41: Đã làm quen phép tính có hai dấu. | AC41: Chương trình GDPT 2018 – Toán 1; đối chiếu SGK Kết nối tri thức. | AD41: EduChain Kids soạn thêm (2026-10); bám chương trình GDPT 2018 và trình tự SGK đã chọn | AE41: Bản soạn mới — cần rà soát | AF41: Chờ giáo viên duyệt
A42: EC1-016 | B42: Tiếng Việt | C42: 1 | D42: Sau khi học chữ tương ứng | E42: Nhận diện chữ | F42: 1 | G42: Làm quen | J42: Chọn đáp án | K42: Chọn chữ a. | L42: a | M42: o | N42: e | Q42: A | R42: Chữ cần tìm là a. | T42: 30 | U42: =INDEX(Khung_cap_do!$H$2:$H$6,F42) | V42: 1 | W42: 1 | X42: V1.AM.01 | Y42: TV.AMCHU | Z42: Bộ mẫu | AB42: Chữ a đã được dạy. | AC42: Gắn với tiến trình âm/chữ thực tế. | AD42: Chương trình GDPT 2018 / kế hoạch dạy học của trường; đối chiếu văn bản hiện hành | AE42: Bản mẫu — cần rà soát | AF42: Chờ giáo viên duyệt
A43: EC1-017 | B43: Tiếng Việt | C43: 1 | D43: Sau khi học chữ tương ứng | E43: Chữ đầu từ | F43: 1 | G43: Làm quen | J43: Chọn đáp án | K43: Từ nào bắt đầu bằng chữ b? | L43: bò | M43: cá | N43: gà | Q43: A | R43: “Bò” bắt đầu bằng chữ b. | T43: 30 | U43: =INDEX(Khung_cap_do!$H$2:$H$6,F43) | V43: 1 | W43: 2 | X43: V1.AM.01 | Y43: TV.AMCHU | Z43: Bộ mẫu | AB43: Chữ b và các từ lựa chọn đã được học. | AC43: Rà soát từ vựng theo SGK. | AD43: Chương trình GDPT 2018 / kế hoạch dạy học của trường; đối chiếu văn bản hiện hành | AE43: Bản mẫu — cần rà soát | AF43: Chờ giáo viên duyệt
A44: EC1-018 | B44: Tiếng Việt | C44: 1 | D44: Sau khi học dấu sắc | E44: Thanh điệu | F44: 1 | G44: Làm quen | J44: Chọn đáp án | K44: Chọn tiếng có dấu sắc. | L44: bé | M44: ba | N44: bà | Q44: A | R44: “Bé” mang dấu sắc. | T44: 30 | U44: =INDEX(Khung_cap_do!$H$2:$H$6,F44) | V44: 2 | W44: 1 | X44: V1.AM.02 | Y44: TV.DAUTHANH | Z44: Bộ mẫu | AB44: Đã học dấu sắc và các tiếng so sánh. | AC44: Chỉ dùng sau khi học dấu sắc. | AD44: Chương trình GDPT 2018 / kế hoạch dạy học của trường; đối chiếu văn bản hiện hành | AE44: Bản mẫu — cần rà soát | AF44: Chờ giáo viên duyệt
A45: EC1-071 | B45: Tiếng Việt | C45: 1 | D45: Sau khi học chữ m | E45: Nhận diện chữ | F45: 1 | G45: Làm quen | J45: Chọn đáp án | K45: Chọn chữ m. | L45: m | M45: n | N45: h | Q45: A | R45: Chữ cần tìm là m. | T45: 30 | U45: =INDEX(Khung_cap_do!$H$2:$H$6,F45) | V45: 2 | W45: 2 | X45: V1.AM.01 | Y45: TV.AMCHU | Z45: Soạn thêm | AB45: Đã học chữ m, n, h. | AC45: Chương trình GDPT 2018 – Tiếng Việt 1; đối chiếu SGK Kết nối tri thức (Tập 1). | AD45: EduChain Kids soạn thêm (2026-10); bám chương trình GDPT 2018 và trình tự SGK đã chọn | AE45: Bản soạn mới — cần rà soát | AF45: Chờ giáo viên duyệt
A46: EC1-072 | B46: Tiếng Việt | C46: 1 | D46: Sau khi học chữ c | E46: Chữ đầu tiếng | F46: 1 | G46: Làm quen | J46: Chọn đáp án | K46: Tiếng "cá" bắt đầu bằng chữ nào? | L46: c | M46: a | N46: k | Q46: A | R46: "Cá" gồm c và a, dấu sắc. | T46: 30 | U46: =INDEX(Khung_cap_do!$H$2:$H$6,F46) | V46: 3 | W46: 1 | X46: V1.AM.01 | Y46: TV.AMCHU | Z46: Soạn thêm | AB46: Đã học c, a và dấu sắc. | AC46: Chương trình GDPT 2018 – Tiếng Việt 1; đối chiếu SGK Kết nối tri thức (Tập 1). | AD46: EduChain Kids soạn thêm (2026-10); bám chương trình GDPT 2018 và trình tự SGK đã chọn | AE46: Bản soạn mới — cần rà soát | AF46: Chờ giáo viên duyệt
A47: EC1-073 | B47: Tiếng Việt | C47: 1 | D47: Sau khi học dấu huyền | E47: Thanh điệu | F47: 1 | G47: Làm quen | J47: Chọn đáp án | K47: Chọn tiếng có dấu huyền. | L47: bà | M47: bá | N47: bạ | Q47: A | R47: "Bà" mang dấu huyền. | T47: 30 | U47: =INDEX(Khung_cap_do!$H$2:$H$6,F47) | V47: 3 | W47: 2 | X47: V1.AM.02 | Y47: TV.DAUTHANH | Z47: Soạn thêm | AB47: Đã học dấu huyền, sắc, nặng. | AC47: Chương trình GDPT 2018 – Tiếng Việt 1; đối chiếu SGK Kết nối tri thức (Tập 1). | AD47: EduChain Kids soạn thêm (2026-10); bám chương trình GDPT 2018 và trình tự SGK đã chọn | AE47: Bản soạn mới — cần rà soát | AF47: Chờ giáo viên duyệt
A48: EC1-074 | B48: Tiếng Việt | C48: 1 | D48: Sau khi học dấu nặng | E48: Thanh điệu | F48: 1 | G48: Làm quen | J48: Đúng / Sai | K48: Tiếng "mẹ" có dấu nặng. | L48: Đúng | M48: Sai | Q48: A | R48: Dấu nặng đặt dưới chữ e trong "mẹ". | T48: 30 | U48: =INDEX(Khung_cap_do!$H$2:$H$6,F48) | V48: 4 | W48: 1 | X48: V1.AM.02 | Y48: TV.DAUTHANH | Z48: Soạn thêm | AB48: Đã học m, e và dấu nặng. | AC48: Chương trình GDPT 2018 – Tiếng Việt 1; đối chiếu SGK Kết nối tri thức (Tập 1). | AD48: EduChain Kids soạn thêm (2026-10); bám chương trình GDPT 2018 và trình tự SGK đã chọn | AE48: Bản soạn mới — cần rà soát | AF48: Chờ giáo viên duyệt
A49: EC1-075 | B49: Tiếng Việt | C49: 1 | D49: Sau khi học vần eo | E49: Nhận diện vần | F49: 1 | G49: Làm quen | J49: Chọn đáp án | K49: Tiếng "mèo" có vần gì? | L49: eo | M49: ao | N49: au | Q49: A | R49: "Mèo" = m + eo + dấu huyền. | T49: 30 | U49: =INDEX(Khung_cap_do!$H$2:$H$6,F49) | V49: 4 | W49: 2 | X49: V1.AM.03 | Y49: TV.GHEPVAN | Z49: Soạn thêm | AB49: Đã học vần ao, eo, au. | AC49: Chương trình GDPT 2018 – Tiếng Việt 1; đối chiếu SGK Kết nối tri thức (Tập 1). | AD49: EduChain Kids soạn thêm (2026-10); bám chương trình GDPT 2018 và trình tự SGK đã chọn | AE49: Bản soạn mới — cần rà soát | AF49: Chờ giáo viên duyệt
A50: EC1-019 | B50: Tiếng Việt | C50: 1 | D50: Sau khi học chữ để ghép tiếng | E50: Ghép tiếng | F50: 2 | G50: Cơ bản | J50: Chọn đáp án | K50: Chọn tiếng ghép được từ b và a. | L50: ba | M50: ca | N50: ma | Q50: A | R50: b ghép với a tạo thành “ba”. | T50: 40 | U50: =INDEX(Khung_cap_do!$H$2:$H$6,F50) | V50: 1 | W50: 3 | X50: V1.DOC.01 | Y50: TV.GHEPVAN | Z50: Bộ mẫu | AB50: Các chữ và thao tác ghép tiếng đã học. | AC50: Đối chiếu bài đã học. | AD50: Chương trình GDPT 2018 / kế hoạch dạy học của trường; đối chiếu văn bản hiện hành | AE50: Bản mẫu — cần rà soát | AF50: Chờ giáo viên duyệt
A51: EC1-020 | B51: Tiếng Việt | C51: 1 | D51: Sau khi học từ tương ứng | E51: Đọc từ | F51: 2 | G51: Cơ bản | J51: Chọn đáp án | K51: Từ nào chỉ một con vật? | L51: mèo | M51: bàn | N51: bút | Q51: A | R51: Mèo là tên một con vật. | T51: 40 | U51: =INDEX(Khung_cap_do!$H$2:$H$6,F51) | V51: 1 | W51: 4 | X51: V1.VIET.04 | Y51: TV.TUNGU | Z51: Bộ mẫu | AB51: Học sinh đọc được từ hoặc có hỗ trợ âm thanh. | AC51: Tránh kiểm tra vốn từ ngoài chương trình. | AD51: Chương trình GDPT 2018 / kế hoạch dạy học của trường; đối chiếu văn bản hiện hành | AE51: Bản mẫu — cần rà soát | AF51: Chờ giáo viên duyệt
A52: EC1-021 | B52: Tiếng Việt | C52: 1 | D52: Sau khi học câu ngắn | E52: Hiểu câu | F52: 2 | G52: Cơ bản | J52: Chọn đáp án | K52: Câu “Bé đá bóng.” nói về việc gì? | L52: Bé đá bóng | M52: Bé ngủ | N52: Bé ăn cơm | Q52: A | R52: Câu nêu việc bé đá bóng. | T52: 40 | U52: =INDEX(Khung_cap_do!$H$2:$H$6,F52) | V52: 2 | W52: 3 | X52: V1.DOC.04 | Y52: TV.DOCHIEU | Z52: Bộ mẫu | AA52: [Chọn đáp án] Câu "Bé đá bóng." nói về việc gì? A. Bé đá bóng | B. Bé ngủ | C. Bé ăn cơm Đáp án: A | AB52: Học sinh đọc/nghe được câu. | AC52: Câu ngắn, từ vựng quen thuộc. | AD52: Chương trình GDPT 2018 / kế hoạch dạy học của trường; đối chiếu văn bản hiện hành | AE52: Bản mẫu — cần rà soát | AF52: Chờ giáo viên duyệt
A53: EC1-024 | B53: Tiếng Việt | C53: 1 | D53: Sau khi học từ chỉ đặc điểm | E53: Từ ngữ | F53: 2 | G53: Cơ bản | H53: 3 | I53: Chỉ nhận biết nghĩa một từ quen thuộc, xếp L2. | J53: Chọn đáp án | K53: Chọn từ chỉ màu sắc. | L53: đỏ | M53: chạy | N53: ngủ | Q53: A | R53: “Đỏ” chỉ màu sắc. | T53: 40 | U53: =INDEX(Khung_cap_do!$H$2:$H$6,F53) | V53: 2 | W53: 4 | X53: V1.VIET.04 | Y53: TV.TUNGU | Z53: Bộ mẫu | AB53: Từ và khái niệm đã được giới thiệu. | AC53: Giáo viên xác nhận thuật ngữ phù hợp. | AD53: Chương trình GDPT 2018 / kế hoạch dạy học của trường; đối chiếu văn bản hiện hành | AE53: Bản mẫu — cần rà soát | AF53: Chờ giáo viên duyệt
A54: EC1-076 | B54: Tiếng Việt | C54: 1 | D54: Sau khi học quy tắc c/k | E54: Chính tả c/k | F54: 2 | G54: Cơ bản | J54: Điền đáp án | K54: Điền c hoặc k: cái ...ẹo | Q54: k | R54: Viết k trước e, ê, i: cái kẹo. | T54: 50 | U54: =INDEX(Khung_cap_do!$H$2:$H$6,F54) | V54: 3 | W54: 3 | X54: V1.AM.04 | Y54: TV.CHINHTA | Z54: Soạn thêm | AB54: Đã học c, k và quy tắc viết k trước e, ê, i. | AC54: Chương trình GDPT 2018 – Tiếng Việt 1; đối chiếu SGK Kết nối tri thức (Tập 1). | AD54: EduChain Kids soạn thêm (2026-10); bám chương trình GDPT 2018 và trình tự SGK đã chọn | AE54: Bản soạn mới — cần rà soát | AF54: Chờ giáo viên duyệt
A55: EC1-077 | B55: Tiếng Việt | C55: 1 | D55: Sau khi học các chữ c, g, b | E55: Đọc tiếng – nối tranh | F55: 2 | G55: Cơ bản | J55: Ghép cặp | K55: Nối tranh với tiếng. (Vế trái: 🐟 / 🐔 / 🐄 · Vế phải: bò / cá / gà) | Q55: 🐟 – cá; 🐔 – gà; 🐄 – bò | R55: 🐟 cá, 🐔 gà, 🐄 bò. | T55: 55 | U55: =INDEX(Khung_cap_do!$H$2:$H$6,F55) | V55: 3 | W55: 4 | X55: V1.DOC.05 | Y55: TV.NOITU | Z55: Soạn thêm | AB55: Đã đọc được cá, gà, bò. | AC55: Chương trình GDPT 2018 – Tiếng Việt 1; đối chiếu SGK Kết nối tri thức (Tập 1). | AD55: EduChain Kids soạn thêm (2026-10); bám chương trình GDPT 2018 và trình tự SGK đã chọn | AE55: Bản soạn mới — cần rà soát | AF55: Chờ giáo viên duyệt
A56: EC1-078 | B56: Tiếng Việt | C56: 1 | D56: Sau khi học vần ut, i | E56: Từ ngữ | F56: 2 | G56: Cơ bản | J56: Chọn đáp án | K56: Từ nào chỉ đồ dùng học tập? | L56: bút chì | M56: con cò | N56: quả na | Q56: A | R56: Bút chì là đồ dùng học tập. | T56: 40 | U56: =INDEX(Khung_cap_do!$H$2:$H$6,F56) | V56: 4 | W56: 3 | X56: V1.VIET.04 | Y56: TV.TUNGU | Z56: Soạn thêm | AB56: Đã đọc được bút chì, con cò, quả na. | AC56: Chương trình GDPT 2018 – Tiếng Việt 1; đối chiếu SGK Kết nối tri thức (Tập 1). | AD56: EduChain Kids soạn thêm (2026-10); bám chương trình GDPT 2018 và trình tự SGK đã chọn | AE56: Bản soạn mới — cần rà soát | AF56: Chờ giáo viên duyệt
A57: EC1-079 | B57: Tiếng Việt | C57: 1 | D57: Sau khi học chữ g | E57: Ghép tiếng | F57: 2 | G57: Cơ bản | J57: Điền đáp án | K57: g ghép với a, thêm dấu huyền, được tiếng gì? | Q57: gà | R57: g + a + dấu huyền = gà. | T57: 50 | U57: =INDEX(Khung_cap_do!$H$2:$H$6,F57) | V57: 4 | W57: 4 | X57: V1.DOC.01 | Y57: TV.GHEPVAN | Z57: Soạn thêm | AB57: Đã học g, a, dấu huyền. | AC57: Chương trình GDPT 2018 – Tiếng Việt 1; đối chiếu SGK Kết nối tri thức (Tập 1). | AD57: EduChain Kids soạn thêm (2026-10); bám chương trình GDPT 2018 và trình tự SGK đã chọn | AE57: Bản soạn mới — cần rà soát | AF57: Chờ giáo viên duyệt
A58: EC1-022 | B58: Tiếng Việt | C58: 1 | D58: Sau khi học các tiếng trong câu | E58: Sắp xếp tiếng | F58: 3 | G58: Vận dụng | J58: Sắp xếp | K58: Sắp xếp thành câu: “đọc / Lan / sách”. | Q58: Lan đọc sách. | R58: Sắp xếp thành câu có nghĩa. | S58: Câu cho biết ai (Lan) làm gì (đọc sách). Chữ đầu câu viết hoa: Lan đọc sách. | T58: 65 | U58: =INDEX(Khung_cap_do!$H$2:$H$6,F58) | V58: 1 | W58: 5 | X58: V1.VIET.03 | Y58: TV.XEPCAU | Z58: Bộ mẫu | AA58: [Sắp xếp] Sắp xếp thành câu: "đọc / Lan / sách". Đáp án: Lan → đọc → sách | AB58: Các tiếng đã học; đã làm quen câu đơn giản. | AC58: Đề xuất bài tập; giáo viên duyệt. | AD58: Chương trình GDPT 2018 / kế hoạch dạy học của trường; đối chiếu văn bản hiện hành | AE58: Bản mẫu — cần rà soát | AF58: Chờ giáo viên duyệt
A59: EC1-023 | B59: Tiếng Việt | C59: 1 | D59: Sau khi học câu ngắn | E59: Đọc hiểu | F59: 3 | G59: Vận dụng | J59: Chọn đáp án | K59: Đọc: “Nam tưới cây.” Ai tưới cây? | L59: Nam | M59: Cây | N59: Không rõ | Q59: A | R59: Câu cho biết Nam là người tưới cây. | S59: Hỏi "Ai?" là hỏi người làm việc. Trong câu, người tưới cây là Nam. | T59: 50 | U59: =INDEX(Khung_cap_do!$H$2:$H$6,F59) | V59: 1 | W59: 6 | X59: V1.DOC.04 | Y59: TV.DOCHIEU | Z59: Bộ mẫu | AA59: [Chọn đáp án] Đọc: "Nam tưới cây." Ai tưới cây? A. Nam | B. Cây | C. Không rõ Đáp án: A | AB59: Đọc được câu hoặc có audio hỗ trợ. | AC59: Tìm thông tin trực tiếp. | AD59: Chương trình GDPT 2018 / kế hoạch dạy học của trường; đối chiếu văn bản hiện hành | AE59: Bản mẫu — cần rà soát | AF59: Chờ giáo viên duyệt
A60: EC1-027 | B60: Tiếng Việt | C60: 1 | D60: Sau khi học các từ đã dùng | E60: Chọn từ | F60: 3 | G60: Vận dụng | H60: 4 | I60: Chọn một từ hợp nghĩa trong câu ngắn, xếp L3. | J60: Chọn đáp án | K60: Hoàn thành câu: “Bé ___ nước.” | L60: uống | M60: xanh | N60: bàn | Q60: A | R60: “Uống” phù hợp với “nước”. | S60: Nước là thứ để uống: "Bé uống nước." Hai từ còn lại không tạo thành câu có nghĩa. | T60: 50 | U60: =INDEX(Khung_cap_do!$H$2:$H$6,F60) | V60: 2 | W60: 5 | X60: V1.VIET.06 | Y60: TV.DOCHIEU | Z60: Bộ mẫu | AA60: [Chọn đáp án] Hoàn thành câu: "Bé ___ nước." A. uống | B. xanh | C. bàn Đáp án: A | AB60: Đọc hiểu nghĩa cơ bản của các từ. | AC60: Đề xuất nội bộ; không phải chuẩn chính thức. | AD60: Chương trình GDPT 2018 / kế hoạch dạy học của trường; đối chiếu văn bản hiện hành | AE60: Bản mẫu — cần rà soát | AF60: Chờ giáo viên duyệt
A61: EC1-080 | B61: Tiếng Việt | C61: 1 | D61: Sau khi học các tiếng trong câu | E61: Sắp xếp tiếng | F61: 3 | G61: Vận dụng | J61: Sắp xếp | K61: Xếp thành câu: "bé / Mẹ / ru". (Các mục: Mẹ / bé / ru) | Q61: Mẹ → ru → bé | R61: Mẹ ru bé. | S61: Ai? – Mẹ. Làm gì? – ru bé. Chữ đầu câu viết hoa: Mẹ ru bé. | T61: 65 | U61: =INDEX(Khung_cap_do!$H$2:$H$6,F61) | V61: 2 | W61: 6 | X61: V1.VIET.03 | Y61: TV.XEPCAU | Z61: Soạn thêm | AB61: Đã đọc được mẹ, ru, bé. | AC61: Chương trình GDPT 2018 – Tiếng Việt 1; đối chiếu SGK Kết nối tri thức (Tập 1). | AD61: EduChain Kids soạn thêm (2026-10); bám chương trình GDPT 2018 và trình tự SGK đã chọn | AE61: Bản soạn mới — cần rà soát | AF61: Chờ giáo viên duyệt
A62: EC1-081 | B62: Tiếng Việt | C62: 1 | D62: Sau khi học câu ngắn | E62: Đọc hiểu | F62: 3 | G62: Vận dụng | J62: Chọn đáp án | K62: Đọc: "Bố đi làm. Mẹ đi chợ." Ai đi chợ? | L62: Mẹ | M62: Bố | N62: Bé | Q62: A | R62: Câu thứ hai: Mẹ đi chợ. | S62: Đoạn có hai câu: Bố đi làm; Mẹ đi chợ. Người đi chợ là Mẹ. | T62: 50 | U62: =INDEX(Khung_cap_do!$H$2:$H$6,F62) | V62: 3 | W62: 5 | X62: V1.DOC.04 | Y62: TV.DOCHIEU | Z62: Soạn thêm | AB62: Đã đọc được câu ngắn có các tiếng này. | AC62: Chương trình GDPT 2018 – Tiếng Việt 1; đối chiếu SGK Kết nối tri thức (Tập 1). | AD62: EduChain Kids soạn thêm (2026-10); bám chương trình GDPT 2018 và trình tự SGK đã chọn | AE62: Bản soạn mới — cần rà soát | AF62: Chờ giáo viên duyệt
A63: EC1-082 | B63: Tiếng Việt | C63: 1 | D63: Sau khi học vần ong, am | E63: Từ ngữ | F63: 3 | G63: Vận dụng | J63: Chọn nhiều đáp án | K63: Chọn TẤT CẢ từ chỉ con vật. | L63: con gà | M63: cái ghế | N63: con thỏ | O63: quả cam | Q63: A, C | R63: Gà và thỏ là con vật. | S63: Con gà, con thỏ là con vật. Cái ghế là đồ vật, quả cam là quả. | T63: 60 | U63: =INDEX(Khung_cap_do!$H$2:$H$6,F63) | V63: 3 | W63: 6 | X63: V1.VIET.04 | Y63: TV.TUNGU | Z63: Soạn thêm | AB63: Đã đọc được các từ trong lựa chọn. | AC63: Chương trình GDPT 2018 – Tiếng Việt 1; đối chiếu SGK Kết nối tri thức (Tập 1). | AD63: EduChain Kids soạn thêm (2026-10); bám chương trình GDPT 2018 và trình tự SGK đã chọn | AE63: Bản soạn mới — cần rà soát | AF63: Chờ giáo viên duyệt
A64: EC1-083 | B64: Tiếng Việt | C64: 1 | D64: Sau khi học quy tắc g/gh | E64: Chính tả g/gh | F64: 3 | G64: Vận dụng | J64: Điền đáp án | K64: Điền g hoặc gh: cái ...ế | Q64: gh | R64: Viết gh trước e, ê, i: cái ghế. | S64: Sau chữ cần điền là ê. Trước e, ê, i ta viết gh: cái ghế. | T64: 60 | U64: =INDEX(Khung_cap_do!$H$2:$H$6,F64) | V64: 4 | W64: 5 | X64: V1.AM.04 | Y64: TV.CHINHTA | Z64: Soạn thêm | AB64: Đã học g, gh và quy tắc chính tả. | AC64: Chương trình GDPT 2018 – Tiếng Việt 1; đối chiếu SGK Kết nối tri thức (Tập 1). | AD64: EduChain Kids soạn thêm (2026-10); bám chương trình GDPT 2018 và trình tự SGK đã chọn | AE64: Bản soạn mới — cần rà soát | AF64: Chờ giáo viên duyệt
A65: EC1-084 | B65: Tiếng Việt | C65: 1 | D65: Sau khi học quy tắc ng/ngh | E65: Chính tả ng/ngh | F65: 3 | G65: Vận dụng | J65: Chọn đáp án | K65: Chọn từ viết đúng chính tả. | L65: nghỉ hè | M65: ngỉ hè | Q65: A | R65: Trước i viết ngh: nghỉ hè. | S65: Trước e, ê, i ta viết ngh. Vì vậy "nghỉ" viết ngh. | T65: 50 | U65: =INDEX(Khung_cap_do!$H$2:$H$6,F65) | V65: 4 | W65: 6 | X65: V1.AM.04 | Y65: TV.CHINHTA | Z65: Soạn thêm | AB65: Đã học ng, ngh và quy tắc chính tả. | AC65: Chương trình GDPT 2018 – Tiếng Việt 1; đối chiếu SGK Kết nối tri thức (Tập 1). | AD65: EduChain Kids soạn thêm (2026-10); bám chương trình GDPT 2018 và trình tự SGK đã chọn | AE65: Bản soạn mới — cần rà soát | AF65: Chờ giáo viên duyệt
A66: EC1-025 | B66: Tiếng Việt | C66: 1 | D66: Sau khi học dấu câu | E66: Dấu câu | F66: 4 | G66: Thử thách | J66: Chọn đáp án | K66: Chọn dấu cuối câu kể: “Em yêu trường em__” | L66: . | M66: ? | N66: , | Q66: A | R66: Câu kể thông thường kết thúc bằng dấu chấm. | S66: Câu này kể lại điều em nghĩ, không phải câu hỏi, nên cuối câu dùng dấu chấm. | T66: 60 | U66: =INDEX(Khung_cap_do!$H$2:$H$6,F66) | V66: 1 | W66: 7 | X66: V1.VIET.05 | Y66: TV.DAUCAU | Z66: Bộ mẫu | AA66: [Chọn đáp án] Chọn dấu cuối câu kể: "Em yêu trường em__" A. . | B. ? | C. , Đáp án: A | AB66: Dấu câu đã được dạy. | AC66: Xác nhận mốc dạy dấu câu. | AD66: Chương trình GDPT 2018 / kế hoạch dạy học của trường; đối chiếu văn bản hiện hành | AE66: Bản mẫu — cần rà soát | AF66: Chờ giáo viên duyệt
A67: EC1-026 | B67: Tiếng Việt | C67: 1 | D67: Sau khi học đọc câu ngắn | E67: Đọc hiểu | F67: 4 | G67: Thử thách | J67: Chọn đáp án | K67: Đọc: “Trời mưa. Hà mở ô.” Vì sao Hà mở ô? | L67: Vì trời mưa | M67: Vì trời nắng | N67: Vì Hà đi ngủ | Q67: A | R67: Hai câu gợi lý do Hà mở ô. | S67: Câu đầu cho biết trời mưa, câu sau Hà mở ô. Hà mở ô để che mưa. | T67: 60 | U67: =INDEX(Khung_cap_do!$H$2:$H$6,F67) | V67: 1 | W67: 8 | X67: V1.DOC.04 | Y67: TV.DOCHIEU | Z67: Bộ mẫu | AA67: [Chọn đáp án] Đọc: "Trời mưa. Hà mở ô." Vì sao Hà mở ô? A. Vì trời mưa | B. Vì trời nắng | C. Vì Hà đi ngủ Đáp án: A | AB67: Đọc được từ và câu trong đoạn. | AC67: Giáo viên rà soát vốn từ và vùng miền. | AD67: Chương trình GDPT 2018 / kế hoạch dạy học của trường; đối chiếu văn bản hiện hành | AE67: Bản mẫu — cần rà soát | AF67: Chờ giáo viên duyệt
A68: EC1-028 | B68: Tiếng Việt | C68: 1 | D68: Sau khi luyện đọc đoạn ngắn | E68: Đọc hiểu | F68: 4 | G68: Thử thách | H68: 5 | I68: Thông tin nằm sẵn trong câu (tường minh), xếp L4. | J68: Trả lời ngắn | K68: Đọc: “Minh có một cây bút. Minh cho bạn mượn bút.” Minh đã làm gì? | Q68: Minh cho bạn mượn bút. | R68: Thông tin được nêu trực tiếp ở câu thứ hai. | S68: Câu thứ hai nói rõ: "Minh cho bạn mượn bút." | T68: 70 | U68: =INDEX(Khung_cap_do!$H$2:$H$6,F68) | V68: 2 | W68: 7 | X68: V1.DOC.04 | Y68: TV.DOCHIEU | Z68: Bộ mẫu | AA68: [Chọn đáp án] Đọc: "Minh có một cây bút. Minh cho bạn mượn bút." Minh đã làm gì? A. Cho bạn mượn bút | B. Làm mất bút | C. Mua bút mới Đáp án: A Ghi chú: Bản app chuyển câu trả lời ngắn thành chọn đáp án. | AB68: Đã học từ và câu trong đoạn. | AC68: Giáo viên duyệt độ dài và vốn từ. | AD68: Chương trình GDPT 2018 / kế hoạch dạy học của trường; đối chiếu văn bản hiện hành | AE68: Bản mẫu — cần rà soát | AF68: Chờ giáo viên duyệt
A69: EC1-085 | B69: Tiếng Việt | C69: 1 | D69: Sau khi học vần an, iêm, ôi | E69: Đọc hiểu | F69: 4 | G69: Thử thách | J69: Chọn đáp án | K69: Đọc: "Gà mẹ dẫn đàn con đi kiếm mồi." Gà mẹ dẫn ai đi? | L69: Đàn gà con | M69: Chó con | N69: Bé Na | Q69: A | R69: Gà mẹ dẫn đàn con – đàn gà con. | S69: Câu viết "dẫn đàn con": đàn con của gà mẹ là đàn gà con. | T69: 60 | U69: =INDEX(Khung_cap_do!$H$2:$H$6,F69) | V69: 2 | W69: 8 | X69: V1.DOC.04 | Y69: TV.DOCHIEU | Z69: Soạn thêm | AB69: Đã đọc được câu có vần an, iêm, ôi. | AC69: Chương trình GDPT 2018 – Tiếng Việt 1; đối chiếu SGK Kết nối tri thức (Tập 1). | AD69: EduChain Kids soạn thêm (2026-10); bám chương trình GDPT 2018 và trình tự SGK đã chọn | AE69: Bản soạn mới — cần rà soát | AF69: Chờ giáo viên duyệt
A70: EC1-086 | B70: Tiếng Việt | C70: 1 | D70: Sau khi học dấu chấm hỏi | E70: Dấu câu | F70: 4 | G70: Thử thách | J70: Chọn đáp án | K70: Chọn dấu câu cho chỗ trống: "Bạn tên là gì__" | L70: ? | M70: . | Q70: A | R70: Câu hỏi kết thúc bằng dấu chấm hỏi. | S70: Câu có "gì" để hỏi tên bạn, nên cuối câu dùng dấu chấm hỏi. | T70: 60 | U70: =INDEX(Khung_cap_do!$H$2:$H$6,F70) | V70: 3 | W70: 7 | X70: V1.VIET.05 | Y70: TV.DAUCAU | Z70: Soạn thêm | AB70: Đã học dấu chấm, dấu chấm hỏi. | AC70: Chương trình GDPT 2018 – Tiếng Việt 1; đối chiếu SGK Kết nối tri thức (Tập 1). | AD70: EduChain Kids soạn thêm (2026-10); bám chương trình GDPT 2018 và trình tự SGK đã chọn | AE70: Bản soạn mới — cần rà soát | AF70: Chờ giáo viên duyệt
A71: EC1-087 | B71: Tiếng Việt | C71: 1 | D71: Sau khi học vần ăm, ai | E71: Sắp xếp tiếng | F71: 4 | G71: Thử thách | J71: Sắp xếp | K71: Xếp thành câu: "chăm / học / Hà / bài". (Các mục: Hà / bài / chăm / học) | Q71: Hà → chăm → học → bài | R71: Hà chăm học bài. | S71: Ai? – Hà. Thế nào? – chăm học bài. Câu: Hà chăm học bài. | T71: 75 | U71: =INDEX(Khung_cap_do!$H$2:$H$6,F71) | V71: 3 | W71: 8 | X71: V1.VIET.03 | Y71: TV.XEPCAU | Z71: Soạn thêm | AB71: Đã đọc được chăm, học, bài. | AC71: Chương trình GDPT 2018 – Tiếng Việt 1; đối chiếu SGK Kết nối tri thức (Tập 1). | AD71: EduChain Kids soạn thêm (2026-10); bám chương trình GDPT 2018 và trình tự SGK đã chọn | AE71: Bản soạn mới — cần rà soát | AF71: Chờ giáo viên duyệt
A72: EC1-088 | B72: Tiếng Việt | C72: 1 | D72: Sau khi học vần ay, an, anh | E72: Từ chỉ hoạt động | F72: 4 | G72: Thử thách | J72: Chọn nhiều đáp án | K72: Chọn TẤT CẢ từ chỉ hoạt động. | L72: chạy | M72: nhảy | N72: cái bàn | O72: xanh | Q72: A, B | R72: Chạy, nhảy là hoạt động. | S72: Chạy, nhảy là việc mình làm (hoạt động). Cái bàn là đồ vật; xanh là màu sắc. | T72: 70 | U72: =INDEX(Khung_cap_do!$H$2:$H$6,F72) | V72: 4 | W72: 7 | X72: V1.VIET.04 | Y72: TV.TUNGU | Z72: Soạn thêm | AB72: Đã đọc được các từ trong lựa chọn. | AC72: Chương trình GDPT 2018 – Tiếng Việt 1; đối chiếu SGK Kết nối tri thức (Tập 1). | AD72: EduChain Kids soạn thêm (2026-10); bám chương trình GDPT 2018 và trình tự SGK đã chọn | AE72: Bản soạn mới — cần rà soát | AF72: Chờ giáo viên duyệt
A73: EC1-089 | B73: Tiếng Việt | C73: 1 | D73: Sau khi học vần ây, ơm, ục | E73: Đọc hiểu | F73: 4 | G73: Thử thách | J73: Đúng / Sai | K73: Đọc: "Sáng nay, bé dậy sớm tập thể dục." Bé dậy muộn, đúng hay sai? | L73: Đúng | M73: Sai | Q73: B | R73: Bé dậy sớm, không phải dậy muộn. | S73: Câu viết "bé dậy sớm". "Muộn" ngược nghĩa với "sớm" nên nhận xét này sai. | T73: 70 | U73: =INDEX(Khung_cap_do!$H$2:$H$6,F73) | V73: 4 | W73: 8 | X73: V1.DOC.04 | Y73: TV.DOCHIEU | Z73: Soạn thêm | AB73: Đã đọc được câu ngắn có dấu phẩy. | AC73: Chương trình GDPT 2018 – Tiếng Việt 1; đối chiếu SGK Kết nối tri thức (Tập 1). | AD73: EduChain Kids soạn thêm (2026-10); bám chương trình GDPT 2018 và trình tự SGK đã chọn | AE73: Bản soạn mới — cần rà soát | AF73: Chờ giáo viên duyệt
A74: EC1-029 | B74: Tiếng Việt | C74: 1 | D74: Sau khi học câu/đoạn | E74: Suy luận đơn giản | F74: 5 | G74: Mở rộng | J74: Trả lời ngắn | K74: Đọc: “Trời lạnh. Bình mặc áo khoác.” Vì sao Bình mặc áo khoác? | Q74: Vì trời lạnh. | R74: Suy ra lý do từ hai câu. | S74: Câu đầu cho biết trời lạnh. Mặc áo khoác để giữ ấm, nên Bình mặc áo vì trời lạnh. | T74: 85 | U74: =INDEX(Khung_cap_do!$H$2:$H$6,F74) | V74: 1 | W74: 9 | X74: V1.DOC.04 | Y74: TV.DOCHIEU | Z74: Bộ mẫu | AA74: [Chọn đáp án] Đọc: "Trời lạnh. Bình mặc áo khoác." Vì sao Bình mặc áo khoác? A. Vì trời lạnh | B. Vì trời nắng | C. Vì Bình đi ngủ Đáp án: A Ghi chú: Bản app chuyển câu trả lời ngắn thành chọn đáp án. | AB74: Đã học các từ/cấu trúc trong đoạn. | AC74: Mở rộng nội bộ; cần giáo viên duyệt. | AD74: Chương trình GDPT 2018 / kế hoạch dạy học của trường; đối chiếu văn bản hiện hành | AE74: Bản mẫu — cần rà soát | AF74: Chờ giáo viên duyệt
A75: EC1-030 | B75: Tiếng Việt | C75: 1 | D75: Sau khi luyện viết câu ngắn | E75: Tạo câu | F75: 5 | G75: Mở rộng | J75: Trả lời ngắn | K75: Viết một câu ngắn có từ “mẹ”. | Q75: Ví dụ: Mẹ yêu em. | R75: Chấp nhận nhiều câu phù hợp; cần rubric chấm. | S75: Ai? – Mẹ. Làm gì? – yêu em. Câu: Mẹ yêu em. (Khi viết câu tự do, giáo viên chấm theo rubric.) | T75: 90 | U75: =INDEX(Khung_cap_do!$H$2:$H$6,F75) | V75: 1 | W75: 10 | X75: V1.VIET.03 | Y75: TV.XEPCAU | Z75: Bộ mẫu | AA75: [Sắp xếp] Xếp thành câu có từ "mẹ": "yêu / em / Mẹ". Đáp án: Mẹ → yêu → em Ghi chú: Bản gốc là viết câu tự do (giáo viên chấm theo rubric); bản app là xếp từ thành câu. | AB75: Các chữ/tiếng trong câu đã học. | AC75: Không chấm chỉ bằng so khớp chuỗi; giáo viên duyệt rubric. | AD75: Chương trình GDPT 2018 / kế hoạch dạy học của trường; đối chiếu văn bản hiện hành | AE75: Bản mẫu — cần rà soát | AF75: Chờ giáo viên duyệt
A76: EC1-090 | B76: Tiếng Việt | C76: 1 | D76: Sau khi học vần ươi, ung, uôt | E76: Suy luận đơn giản | F76: 5 | G76: Mở rộng | J76: Chọn đáp án | K76: Đọc: "Mèo nằm sưởi nắng bên thềm. Thấy chuột, mèo vùng dậy." Vì sao mèo vùng dậy? | L76: Vì thấy chuột | M76: Vì trời mưa | N76: Vì bé gọi | Q76: A | R76: Câu thứ hai: thấy chuột, mèo vùng dậy. | S76: Mèo đang nằm sưởi nắng. "Thấy chuột, mèo vùng dậy" cho biết lý do là mèo thấy chuột. | T76: 85 | U76: =INDEX(Khung_cap_do!$H$2:$H$6,F76) | V76: 2 | W76: 9 | X76: V1.DOC.04 | Y76: TV.DOCHIEU | Z76: Soạn thêm | AB76: Đã đọc được đoạn hai câu. | AC76: Chương trình GDPT 2018 – Tiếng Việt 1; đối chiếu SGK Kết nối tri thức (Tập 1). | AD76: EduChain Kids soạn thêm (2026-10); bám chương trình GDPT 2018 và trình tự SGK đã chọn | AE76: Bản soạn mới — cần rà soát | AF76: Chờ giáo viên duyệt
A77: EC1-091 | B77: Tiếng Việt | C77: 1 | D77: Sau khi học vần ưc, anh, ăng | E77: Trình tự sự việc | F77: 5 | G77: Mở rộng | J77: Sắp xếp | K77: Xếp các câu theo đúng thứ tự việc làm buổi sáng. (Các mục: Bé thức dậy. / Bé ăn sáng. / Bé đi học. / Bé đánh răng.) | Q77: Bé thức dậy. → Bé đánh răng. → Bé ăn sáng. → Bé đi học. | R77: Thức dậy → đánh răng → ăn sáng → đi học. | S77: Việc đầu tiên là thức dậy, rồi đánh răng, ăn sáng, sau cùng mới đi học. | T77: 90 | U77: =INDEX(Khung_cap_do!$H$2:$H$6,F77) | V77: 2 | W77: 10 | X77: V1.DOC.06 | Y77: TV.XEPCAU | Z77: Soạn thêm | AB77: Đã đọc được câu ngắn. | AC77: Chương trình GDPT 2018 – Tiếng Việt 1; đối chiếu SGK Kết nối tri thức (Tập 1). | AD77: EduChain Kids soạn thêm (2026-10); bám chương trình GDPT 2018 và trình tự SGK đã chọn | AE77: Bản soạn mới — cần rà soát | AF77: Chờ giáo viên duyệt
A78: EC1-092 | B78: Tiếng Việt | C78: 1 | D78: Sau khi học vần an, ăn, ân | E78: Phân biệt vần | F78: 5 | G78: Mở rộng | J78: Chọn nhiều đáp án | K78: Chọn TẤT CẢ tiếng có vần "an". | L78: bàn | M78: cân | N78: lan | O78: sàn | Q78: A, C, D | R78: bàn, lan, sàn có vần an; cân có vần ân. | S78: Tách vần: b–an, c–ân, l–an, s–an. "Cân" là vần ân nên không chọn. | T78: 85 | U78: =INDEX(Khung_cap_do!$H$2:$H$6,F78) | V78: 3 | W78: 9 | X78: V1.AM.03 | Y78: TV.GHEPVAN | Z78: Soạn thêm | AB78: Đã học vần an, ăn, ân. | AC78: Chương trình GDPT 2018 – Tiếng Việt 1; đối chiếu SGK Kết nối tri thức (Tập 1). | AD78: EduChain Kids soạn thêm (2026-10); bám chương trình GDPT 2018 và trình tự SGK đã chọn | AE78: Bản soạn mới — cần rà soát | AF78: Chờ giáo viên duyệt
A79: EC1-093 | B79: Tiếng Việt | C79: 1 | D79: Sau khi học vần ươi, ây, anh | E79: Suy luận đơn giản | F79: 5 | G79: Mở rộng | J79: Chọn đáp án | K79: Đọc: "Hà tưới cây mỗi ngày. Cây lớn nhanh và ra hoa đỏ." Vì sao cây lớn nhanh? | L79: Vì Hà tưới cây mỗi ngày | M79: Vì cây ở trong nhà | N79: Vì hoa màu đỏ | Q79: A | R79: Cây được tưới mỗi ngày nên lớn nhanh. | S79: Câu đầu cho biết Hà tưới cây mỗi ngày. Cây được chăm tưới nên lớn nhanh. | T79: 85 | U79: =INDEX(Khung_cap_do!$H$2:$H$6,F79) | V79: 3 | W79: 10 | X79: V1.DOC.04 | Y79: TV.DOCHIEU | Z79: Soạn thêm | AB79: Đã đọc được đoạn hai câu. | AC79: Chương trình GDPT 2018 – Tiếng Việt 1; đối chiếu SGK Kết nối tri thức (Tập 1). | AD79: EduChain Kids soạn thêm (2026-10); bám chương trình GDPT 2018 và trình tự SGK đã chọn | AE79: Bản soạn mới — cần rà soát | AF79: Chờ giáo viên duyệt
A80: EC1-094 | B80: Tiếng Việt | C80: 1 | D80: Cuối học kì 1 (mở rộng) | E80: Câu tục ngữ quen thuộc | F80: 5 | G80: Mở rộng | J80: Điền đáp án | K80: Điền tiếng còn thiếu: "Ăn quả nhớ kẻ trồng ..." | Q80: cây | R80: Ăn quả nhớ kẻ trồng cây. | S80: Quả mọc trên cây, người trồng cây cho ta quả ăn: "Ăn quả nhớ kẻ trồng cây." | T80: 85 | U80: =INDEX(Khung_cap_do!$H$2:$H$6,F80) | V80: 4 | W80: 9 | X80: V1.VIET.06 | Y80: TV.GHEPVAN | Z80: Soạn thêm | AB80: Đã đọc được các tiếng trong câu. | AC80: Chương trình GDPT 2018 – Tiếng Việt 1; đối chiếu SGK Kết nối tri thức (Tập 1). | AD80: EduChain Kids soạn thêm (2026-10); bám chương trình GDPT 2018 và trình tự SGK đã chọn | AE80: Bản soạn mới — cần rà soát | AF80: Chờ giáo viên duyệt
A81: EC1-095 | B81: Tiếng Việt | C81: 1 | D81: Cuối học kì 1 (mở rộng) | E81: Từ ngữ chỉ đặc điểm | F81: 5 | G81: Mở rộng | J81: Ghép cặp | K81: Nối từ với từ có nghĩa ngược lại. (Vế trái: to / cao / dài · Vế phải: ngắn / nhỏ / thấp) | Q81: to – nhỏ; cao – thấp; dài – ngắn | R81: to – nhỏ, cao – thấp, dài – ngắn. | S81: Cái to ngược với cái nhỏ; cao ngược với thấp; dài ngược với ngắn. | T81: 90 | U81: =INDEX(Khung_cap_do!$H$2:$H$6,F81) | V81: 4 | W81: 10 | X81: V1.VIET.04 | Y81: TV.NOITU | Z81: Soạn thêm | AB81: Đã đọc được các từ trong bài. | AC81: Chương trình GDPT 2018 – Tiếng Việt 1; đối chiếu SGK Kết nối tri thức (Tập 1). | AD81: EduChain Kids soạn thêm (2026-10); bám chương trình GDPT 2018 và trình tự SGK đã chọn | AE81: Bản soạn mới — cần rà soát | AF81: Chờ giáo viên duyệt
A82: EC1-031 | B82: Tiếng Anh | C82: 1 | D82: Theo chương trình trường lựa chọn | E82: Greetings | F82: 1 | G82: Làm quen | J82: Chọn đáp án | K82: Nghe “Hello”. Chọn lời chào phù hợp. | L82: Hello | M82: Goodbye | N82: Thank you | Q82: A | R82: Hello là lời chào. | T82: 30 | U82: =INDEX(Khung_cap_do!$H$2:$H$6,F82) | V82: 1 | W82: 1 | X82: A1.HELLO.01 | Y82: TA.TUVUNG | Z82: Bộ mẫu | AA82: [Chọn đáp án] Nghe "Hello". Chọn lời chào phù hợp. A. Hello | B. Goodbye | C. Thank you Đáp án: A | AB82: Từ Hello đã được dạy. | AC82: Tiếng Anh lớp 1 phụ thuộc kế hoạch/giáo trình của trường. | AD82: Chương trình GDPT 2018 / kế hoạch dạy học của trường; đối chiếu văn bản hiện hành | AE82: Bản mẫu — cần rà soát | AF82: Chờ giáo viên duyệt | AG82: Cần bổ sung audio được kiểm duyệt.
A83: EC1-032 | B83: Tiếng Anh | C83: 1 | D83: Theo chương trình trường lựa chọn | E83: Colours | F83: 1 | G83: Làm quen | J83: Chọn đáp án | K83: Nghe “red”. Chọn màu phù hợp. | L83: Đỏ | M83: Xanh dương | N83: Vàng | Q83: A | R83: Red nghĩa là màu đỏ. | T83: 30 | U83: =INDEX(Khung_cap_do!$H$2:$H$6,F83) | V83: 1 | W83: 2 | X83: A1.COLOUR.01 | Y83: TA.TUVUNG | Z83: Bộ mẫu | AA83: [Chọn đáp án] Nghe "red". Chọn màu phù hợp. A. Đỏ | B. Xanh dương | C. Vàng Đáp án: A | AB83: Red đã được dạy. | AC83: Bài mẫu tùy theo chương trình tiếng Anh trường chọn. | AD83: Chương trình GDPT 2018 / kế hoạch dạy học của trường; đối chiếu văn bản hiện hành | AE83: Bản mẫu — cần rà soát | AF83: Chờ giáo viên duyệt
A84: EC1-033 | B84: Tiếng Anh | C84: 1 | D84: Theo chương trình trường lựa chọn | E84: Numbers | F84: 1 | G84: Làm quen | J84: Chọn đáp án | K84: Which number is “two”? | L84: 1 | M84: 2 | N84: 3 | Q84: B | R84: Two là số 2. | T84: 30 | U84: =INDEX(Khung_cap_do!$H$2:$H$6,F84) | V84: 2 | W84: 1 | X84: A1.NUM.01 | Y84: TA.SODEM | Z84: Bộ mẫu | AA84: [Chọn đáp án] Which number is "two"? A. 1 | B. 2 | C. 3 Đáp án: B | AB84: Từ two đã được dạy. | AC84: Mẫu tùy chọn; không đại diện chuẩn bắt buộc chung. | AD84: Chương trình GDPT 2018 / kế hoạch dạy học của trường; đối chiếu văn bản hiện hành | AE84: Bản mẫu — cần rà soát | AF84: Chờ giáo viên duyệt
A85: EC1-096 | B85: Tiếng Anh | C85: 1 | D85: Sau Unit 2 | E85: Animals | F85: 1 | G85: Làm quen | J85: Chọn đáp án | K85: Từ "cat" là con gì? | L85: Con mèo | M85: Con chó | N85: Con vịt | Q85: A | R85: Cat là con mèo. | T85: 30 | U85: =INDEX(Khung_cap_do!$H$2:$H$6,F85) | V85: 2 | W85: 2 | X85: A1.ANIMAL.01 | Y85: TA.TUVUNG | Z85: Soạn thêm | AB85: Đã học cat (Unit 2). | AC85: Làm quen tiếng Anh lớp 1; từ vựng Global Success 1 (Unit 1–8). | AD85: EduChain Kids soạn thêm (2026-10); bám chương trình GDPT 2018 và trình tự SGK đã chọn | AE85: Bản soạn mới — cần rà soát | AF85: Chờ giáo viên duyệt
A86: EC1-097 | B86: Tiếng Anh | C86: 1 | D86: Sau Unit 3 | E86: Food | F86: 1 | G86: Làm quen | J86: Chọn đáp án | K86: Chọn từ có nghĩa là "quả táo". | L86: apple | M86: ball | N86: cup | Q86: A | R86: Apple là quả táo. | T86: 30 | U86: =INDEX(Khung_cap_do!$H$2:$H$6,F86) | V86: 3 | W86: 1 | X86: A1.EXTRA.02 | Y86: TA.TUVUNG | Z86: Soạn thêm | AB86: Đã học apple (Unit 3). | AC86: Làm quen tiếng Anh lớp 1; từ vựng Global Success 1 (Unit 1–8). | AD86: EduChain Kids soạn thêm (2026-10); bám chương trình GDPT 2018 và trình tự SGK đã chọn | AE86: Bản soạn mới — cần rà soát | AF86: Chờ giáo viên duyệt
A87: EC1-098 | B87: Tiếng Anh | C87: 1 | D87: Sau Unit 1 | E87: Toys | F87: 1 | G87: Làm quen | J87: Chọn đáp án | K87: Nghe "ball". Chọn hình đúng. | L87: ⚽ | M87: 🚗 | N87: 🎂 | Q87: A | R87: Ball là quả bóng ⚽. | T87: 30 | U87: =INDEX(Khung_cap_do!$H$2:$H$6,F87) | V87: 3 | W87: 2 | X87: A1.EXTRA.01 | Y87: TA.TUVUNG | Z87: Soạn thêm | AB87: Đã học ball (Unit 1). | AC87: Làm quen tiếng Anh lớp 1; từ vựng Global Success 1 (Unit 1–8). | AD87: EduChain Kids soạn thêm (2026-10); bám chương trình GDPT 2018 và trình tự SGK đã chọn | AE87: Bản soạn mới — cần rà soát | AF87: Chờ giáo viên duyệt
A88: EC1-099 | B88: Tiếng Anh | C88: 1 | D88: Sau Unit 1 | E88: Letter b | F88: 1 | G88: Làm quen | J88: Điền đáp án | K88: Điền chữ cái còn thiếu: _ook (quyển sách) | Q88: b | R88: book – quyển sách, bắt đầu bằng b. | T88: 40 | U88: =INDEX(Khung_cap_do!$H$2:$H$6,F88) | V88: 4 | W88: 1 | X88: A1.ABC.02 | Y88: TA.CHUCAI | Z88: Soạn thêm | AB88: Đã học chữ b và từ book (Unit 1). | AC88: Làm quen tiếng Anh lớp 1; từ vựng Global Success 1 (Unit 1–8). | AD88: EduChain Kids soạn thêm (2026-10); bám chương trình GDPT 2018 và trình tự SGK đã chọn | AE88: Bản soạn mới — cần rà soát | AF88: Chờ giáo viên duyệt
A89: EC1-100 | B89: Tiếng Anh | C89: 1 | D89: Sau Unit 4 | E89: Letter d | F89: 1 | G89: Làm quen | J89: Chọn đáp án | K89: Từ "dog" bắt đầu bằng chữ cái nào? | L89: d | M89: b | N89: g | Q89: A | R89: dog bắt đầu bằng d. | T89: 30 | U89: =INDEX(Khung_cap_do!$H$2:$H$6,F89) | V89: 4 | W89: 2 | X89: A1.ABC.02 | Y89: TA.CHUCAI | Z89: Soạn thêm | AB89: Đã học chữ d và từ dog (Unit 4). | AC89: Làm quen tiếng Anh lớp 1; từ vựng Global Success 1 (Unit 1–8). | AD89: EduChain Kids soạn thêm (2026-10); bám chương trình GDPT 2018 và trình tự SGK đã chọn | AE89: Bản soạn mới — cần rà soát | AF89: Chờ giáo viên duyệt
A90: EC1-034 | B90: Tiếng Anh | C90: 1 | D90: Theo chương trình trường lựa chọn | E90: Greetings | F90: 2 | G90: Cơ bản | J90: Chọn đáp án | K90: Chọn câu trả lời phù hợp cho “Hello!” | L90: Hello! | M90: Red! | N90: Three! | Q90: A | R90: Có thể đáp lại lời chào bằng Hello. | T90: 40 | U90: =INDEX(Khung_cap_do!$H$2:$H$6,F90) | V90: 1 | W90: 3 | X90: A1.HELLO.01 | Y90: TA.MAUCAU | Z90: Bộ mẫu | AA90: [Chọn đáp án] Chọn câu trả lời phù hợp cho "Hello!" A. Hello! | B. Red! | C. Three! Đáp án: A | AB90: Đã luyện mẫu chào hỏi. | AC90: Phải có trong giáo trình đã chọn. | AD90: Chương trình GDPT 2018 / kế hoạch dạy học của trường; đối chiếu văn bản hiện hành | AE90: Bản mẫu — cần rà soát | AF90: Chờ giáo viên duyệt
A91: EC1-035 | B91: Tiếng Anh | C91: 1 | D91: Theo chương trình trường lựa chọn | E91: Classroom objects | F91: 2 | G91: Cơ bản | J91: Chọn đáp án | K91: Nghe “book”. Chọn đồ vật phù hợp. | L91: Quyển sách | M91: Quả táo | N91: Quả bóng | Q91: A | R91: Book nghĩa là quyển sách. | T91: 40 | U91: =INDEX(Khung_cap_do!$H$2:$H$6,F91) | V91: 1 | W91: 4 | X91: A1.SCHOOL.01 | Y91: TA.TUVUNG | Z91: Bộ mẫu | AA91: [Chọn đáp án] Nghe "book". Chọn đồ vật phù hợp. A. Quyển sách | B. Quả táo | C. Quả bóng Đáp án: A | AB91: Từ book đã được dạy. | AC91: Cần giáo viên duyệt hình minh họa. | AD91: Chương trình GDPT 2018 / kế hoạch dạy học của trường; đối chiếu văn bản hiện hành | AE91: Bản mẫu — cần rà soát | AF91: Chờ giáo viên duyệt
A92: EC1-036 | B92: Tiếng Anh | C92: 1 | D92: Theo chương trình trường lựa chọn | E92: Animals | F92: 2 | G92: Cơ bản | J92: Chọn đáp án | K92: Which word means “mèo”? | L92: cat | M92: dog | N92: fish | Q92: A | R92: Cat nghĩa là mèo. | T92: 40 | U92: =INDEX(Khung_cap_do!$H$2:$H$6,F92) | V92: 2 | W92: 3 | X92: A1.ANIMAL.01 | Y92: TA.TUVUNG | Z92: Bộ mẫu | AA92: [Chọn đáp án] Which word means "mèo"? A. cat | B. dog | C. fish Đáp án: A | AB92: Từ cat đã được học. | AC92: Chỉ dùng nếu từ đã được dạy. | AD92: Chương trình GDPT 2018 / kế hoạch dạy học của trường; đối chiếu văn bản hiện hành | AE92: Bản mẫu — cần rà soát | AF92: Chờ giáo viên duyệt
A93: EC1-044 | B93: Tiếng Anh | C93: 1 | D93: Theo chương trình trường lựa chọn | E93: Mini-dialogue | F93: 2 | G93: Cơ bản | H93: 5 | I93: Chọn lời chào quen thuộc, xếp L2. | J93: Chọn đáp án | K93: Gặp bạn vào buổi sáng, chọn lời chào phù hợp. | L93: Good morning. | M93: Goodbye. | N93: Thank you. | Q93: A | R93: Good morning là lời chào buổi sáng. | T93: 40 | U93: =INDEX(Khung_cap_do!$H$2:$H$6,F93) | V93: 2 | W93: 4 | X93: A1.HELLO.01 | Y93: TA.MAUCAU | Z93: Bộ mẫu | AB93: Cụm từ đã được dạy. | AC93: Phụ thuộc giáo trình và tiến độ trường. | AD93: Chương trình GDPT 2018 / kế hoạch dạy học của trường; đối chiếu văn bản hiện hành | AE93: Bản mẫu — cần rà soát | AF93: Chờ giáo viên duyệt
A94: EC1-101 | B94: Tiếng Anh | C94: 1 | D94: Sau Unit 2 | E94: Letter c words | F94: 2 | G94: Cơ bản | J94: Ghép cặp | K94: Nối từ với nghĩa. (Vế trái: car / cake / cup · Vế phải: bánh ngọt / cái cốc / ô tô) | Q94: car – ô tô; cake – bánh ngọt; cup – cái cốc | R94: car – ô tô, cake – bánh ngọt, cup – cái cốc. | T94: 55 | U94: =INDEX(Khung_cap_do!$H$2:$H$6,F94) | V94: 3 | W94: 3 | X94: A1.EXTRA.01 | Y94: TA.NOINGHIA | Z94: Soạn thêm | AB94: Đã học car, cake, cup (Unit 2). | AC94: Làm quen tiếng Anh lớp 1; từ vựng Global Success 1 (Unit 1–8). | AD94: EduChain Kids soạn thêm (2026-10); bám chương trình GDPT 2018 và trình tự SGK đã chọn | AE94: Bản soạn mới — cần rà soát | AF94: Chờ giáo viên duyệt
A95: EC1-102 | B95: Tiếng Anh | C95: 1 | D95: Sau Unit 6 | E95: School things | F95: 2 | G95: Cơ bản | J95: Chọn đáp án | K95: Từ nào có nghĩa là "cái bút mực"? | L95: pen | M95: pencil | N95: bell | Q95: A | R95: pen – bút mực; pencil – bút chì; bell – cái chuông. | T95: 40 | U95: =INDEX(Khung_cap_do!$H$2:$H$6,F95) | V95: 3 | W95: 4 | X95: A1.SCHOOL.01 | Y95: TA.TUVUNG | Z95: Soạn thêm | AB95: Đã học pen, pencil, bell (Unit 6). | AC95: Làm quen tiếng Anh lớp 1; từ vựng Global Success 1 (Unit 1–8). | AD95: EduChain Kids soạn thêm (2026-10); bám chương trình GDPT 2018 và trình tự SGK đã chọn | AE95: Bản soạn mới — cần rà soát | AF95: Chờ giáo viên duyệt
A96: EC1-103 | B96: Tiếng Anh | C96: 1 | D96: Sau Unit 5 | E96: Animals | F96: 2 | G96: Cơ bản | J96: Đúng / Sai | K96: "Fish" nghĩa là con cá. | L96: Đúng | M96: Sai | Q96: A | R96: Fish là con cá. | T96: 40 | U96: =INDEX(Khung_cap_do!$H$2:$H$6,F96) | V96: 4 | W96: 3 | X96: A1.ANIMAL.01 | Y96: TA.TUVUNG | Z96: Soạn thêm | AB96: Đã học fish (Unit 5). | AC96: Làm quen tiếng Anh lớp 1; từ vựng Global Success 1 (Unit 1–8). | AD96: EduChain Kids soạn thêm (2026-10); bám chương trình GDPT 2018 và trình tự SGK đã chọn | AE96: Bản soạn mới — cần rà soát | AF96: Chờ giáo viên duyệt
A97: EC1-104 | B97: Tiếng Anh | C97: 1 | D97: Sau Unit 3 | E97: Spelling | F97: 2 | G97: Cơ bản | J97: Điền đáp án | K97: Điền chữ cái còn thiếu: _at (cái mũ) | Q97: h | R97: hat – cái mũ. | T97: 50 | U97: =INDEX(Khung_cap_do!$H$2:$H$6,F97) | V97: 4 | W97: 4 | X97: A1.ABC.02 | Y97: TA.CHUCAI | Z97: Soạn thêm | AB97: Đã học hat (Unit 3) và chữ h (Unit 8). | AC97: Làm quen tiếng Anh lớp 1; từ vựng Global Success 1 (Unit 1–8). | AD97: EduChain Kids soạn thêm (2026-10); bám chương trình GDPT 2018 và trình tự SGK đã chọn | AE97: Bản soạn mới — cần rà soát | AF97: Chờ giáo viên duyệt
A98: EC1-037 | B98: Tiếng Anh | C98: 1 | D98: Theo chương trình trường lựa chọn | E98: Colours | F98: 3 | G98: Vận dụng | J98: Chọn đáp án | K98: A ripe banana is usually ___. | L98: yellow | M98: blue | N98: purple | Q98: A | R98: Quả chuối chín thường có màu vàng. | S98: Ripe banana = quả chuối chín. Chuối chín có màu vàng: yellow. | T98: 50 | U98: =INDEX(Khung_cap_do!$H$2:$H$6,F98) | V98: 1 | W98: 5 | X98: A1.COLOUR.01 | Y98: TA.MAUCAU | Z98: Bộ mẫu | AB98: Đã học yellow và từ banana hoặc có tranh hỗ trợ. | AC98: Tình huống kết hợp từ đã học; cần duyệt. | AD98: Chương trình GDPT 2018 / kế hoạch dạy học của trường; đối chiếu văn bản hiện hành | AE98: Bản mẫu — cần rà soát | AF98: Chờ giáo viên duyệt
A99: EC1-038 | B99: Tiếng Anh | C99: 1 | D99: Theo chương trình trường lựa chọn | E99: Classroom language | F99: 3 | G99: Vận dụng | J99: Chọn đáp án | K99: Giáo viên nói “Listen”. Em nên làm gì? | L99: Lắng nghe | M99: Chạy ra ngoài | N99: Ngủ | Q99: A | R99: Listen là yêu cầu lắng nghe. | S99: Listen nghĩa là "Hãy lắng nghe". Em ngồi yên và nghe cô nói. | T99: 50 | U99: =INDEX(Khung_cap_do!$H$2:$H$6,F99) | V99: 1 | W99: 6 | X99: A1.HELLO.02 | Y99: TA.TUVUNG | Z99: Bộ mẫu | AA99: [Chọn đáp án] Giáo viên nói "Listen". Em nên làm gì? A. Lắng nghe | B. Chạy ra ngoài | C. Ngủ Đáp án: A | AB99: Từ chỉ dẫn đã được dạy bằng ngữ cảnh. | AC99: Chỉ dùng nếu có trong chương trình trường. | AD99: Chương trình GDPT 2018 / kế hoạch dạy học của trường; đối chiếu văn bản hiện hành | AE99: Bản mẫu — cần rà soát | AF99: Chờ giáo viên duyệt
A100: EC1-039 | B100: Tiếng Anh | C100: 1 | D100: Theo chương trình trường lựa chọn | E100: Introductions | F100: 3 | G100: Vận dụng | J100: Chọn đáp án | K100: Chọn câu dùng để nói tên mình. | L100: My name is Lan. | M100: It is blue. | N100: Good night. | Q100: A | R100: My name is Lan dùng để giới thiệu tên. | S100: "My name is …" nghĩa là "Tên mình là …". | T100: 50 | U100: =INDEX(Khung_cap_do!$H$2:$H$6,F100) | V100: 2 | W100: 5 | X100: A1.HELLO.03 | Y100: TA.MAUCAU | Z100: Bộ mẫu | AB100: Mẫu câu đã được dạy. | AC100: Tên Lan là ví dụ; không cần học sinh cung cấp dữ liệu cá nhân. | AD100: Chương trình GDPT 2018 / kế hoạch dạy học của trường; đối chiếu văn bản hiện hành | AE100: Bản mẫu — cần rà soát | AF100: Chờ giáo viên duyệt
...

Sheet Bai_tap_theo_sach
A1: ID | B1: Môn học | C1: Bộ sách | D1: Vị trí trong sách | E1: Chủ đề / Unit | F1: Bài | G1: Loại câu hỏi | H1: Cấp độ | I1: Tên cấp độ | J1: Câu hỏi | K1: Lựa chọn | L1: Đáp án đúng | M1: Lời giải / phản hồi | N1: Lời giải chi tiết | O1: Thời gian (giây) | P1: Điểm khi đúng | Q1: Mã YCCĐ | R1: Mã dạng bài
A2: toan1-kntt-b01-q1 | B2: Toán | C2: Kết nối tri thức | D2: Bài 1 | E2: Chủ đề 1. Các số từ 0 đến 10 | F2: Bài 1. Các số 0, 1, 2, 3, 4, 5 | G2: Chọn đáp án | H2: 1 | I2: Làm quen | J2: 🍎🍎🍎 Có mấy quả táo? | K2: A. 2 | B. 3 | C. 4 | D. 5 | L2: B | M2: Đếm từng quả: 1, 2, 3. Có 3 quả táo. | O2: 30 | P2: =INDEX(Khung_cap_do!$H$2:$H$6,H2) | Q2: T1.SO.01 | R2: TOAN.DEM
A3: toan1-kntt-b01-q2 | B3: Toán | C3: Kết nối tri thức | D3: Bài 1 | E3: Chủ đề 1. Các số từ 0 đến 10 | F3: Bài 1. Các số 0, 1, 2, 3, 4, 5 | G3: Chọn đáp án | H3: 1 | I3: Làm quen | J3: 🐟🐟🐟🐟🐟 Có mấy con cá? | K3: A. 3 | B. 4 | C. 5 | D. 2 | L3: C | M3: Đếm: 1, 2, 3, 4, 5. Có 5 con cá. | O3: 30 | P3: =INDEX(Khung_cap_do!$H$2:$H$6,H3) | Q3: T1.SO.01 | R3: TOAN.DEM
A4: toan1-kntt-b01-q3 | B4: Toán | C4: Kết nối tri thức | D4: Bài 1 | E4: Chủ đề 1. Các số từ 0 đến 10 | F4: Bài 1. Các số 0, 1, 2, 3, 4, 5 | G4: Chọn đáp án | H4: 1 | I4: Làm quen | J4: 🐥🐥🐥🐥 Có mấy con gà con? | K4: A. 4 | B. 5 | C. 3 | D. 1 | L4: A | M4: Có 4 con gà con. | O4: 30 | P4: =INDEX(Khung_cap_do!$H$2:$H$6,H4) | Q4: T1.SO.01 | R4: TOAN.DEM
A5: toan1-kntt-b01-q4 | B5: Toán | C5: Kết nối tri thức | D5: Bài 1 | E5: Chủ đề 1. Các số từ 0 đến 10 | F5: Bài 1. Các số 0, 1, 2, 3, 4, 5 | G5: Điền đáp án | H5: 2 | I5: Cơ bản | J5: Trong đĩa không có quả cam nào. Số quả cam trong đĩa là mấy? | L5: 0 / không | M5: Không có quả nào thì viết số 0. | N5: Số 0 dùng khi không có đồ vật nào. Đĩa trống nên số quả cam là 0. | O5: 50 | P5: =INDEX(Khung_cap_do!$H$2:$H$6,H5) | Q5: T1.SO.01 | R5: TOAN.DOCVIET
A6: toan1-kntt-b01-q5 | B6: Toán | C6: Kết nối tri thức | D6: Bài 1 | E6: Chủ đề 1. Các số từ 0 đến 10 | F6: Bài 1. Các số 0, 1, 2, 3, 4, 5 | G6: Điền đáp án | H6: 2 | I6: Cơ bản | J6: Đếm tiếp: 1, 2, 3, ..., 5. Số còn thiếu là số mấy? | L6: 4 / bốn | M6: Sau 3 là 4, sau 4 là 5. | O6: 50 | P6: =INDEX(Khung_cap_do!$H$2:$H$6,H6) | Q6: T1.SO.01 | R6: TOAN.SOTHIEU
A7: toan1-kntt-b01-q6 | B7: Toán | C7: Kết nối tri thức | D7: Bài 1 | E7: Chủ đề 1. Các số từ 0 đến 10 | F7: Bài 1. Các số 0, 1, 2, 3, 4, 5 | G7: Chọn đáp án | H7: 2 | I7: Cơ bản | J7: Số nào đứng ngay sau số 2? | K7: A. 1 | B. 3 | C. 4 | D. 5 | L7: B | M7: Đếm 1, 2, 3: số đứng ngay sau 2 là 3. | O7: 40 | P7: =INDEX(Khung_cap_do!$H$2:$H$6,H7) | Q7: T1.SO.01 | R7: TOAN.DOCVIET
A8: toan1-kntt-b01-q7 | B8: Toán | C8: Kết nối tri thức | D8: Bài 1 | E8: Chủ đề 1. Các số từ 0 đến 10 | F8: Bài 1. Các số 0, 1, 2, 3, 4, 5 | G8: Ghép cặp | H8: 2 | I8: Cơ bản | J8: Ghép nhóm hình với số đúng | K8: ⭐⭐ ↔ ? / ⭐⭐⭐⭐ ↔ ? / ⭐ ↔ ? | L8: ⭐⭐ – 2; ⭐⭐⭐⭐ – 4; ⭐ – 1 | M8: 2 ngôi sao ghép số 2, 4 ngôi sao ghép số 4, 1 ngôi sao ghép số 1. | O8: 55 | P8: =INDEX(Khung_cap_do!$H$2:$H$6,H8) | Q8: T1.SO.01 | R8: TOAN.DEM
A9: toan1-kntt-b01-q8 | B9: Toán | C9: Kết nối tri thức | D9: Bài 1 | E9: Chủ đề 1. Các số từ 0 đến 10 | F9: Bài 1. Các số 0, 1, 2, 3, 4, 5 | G9: Sắp xếp | H9: 2 | I9: Cơ bản | J9: Xếp các số theo thứ tự đếm từ bé đến lớn | K9: 0 / 1 / 2 / 3 / 4 | L9: 0 → 1 → 2 → 3 → 4 | M9: Thứ tự đếm: 0, 1, 2, 3, 4. | O9: 55 | P9: =INDEX(Khung_cap_do!$H$2:$H$6,H9) | Q9: T1.SO.01 | R9: TOAN.SAPXEP
A10: toan1-kntt-b01-q9 | B10: Toán | C10: Kết nối tri thức | D10: Bài 1 | E10: Chủ đề 1. Các số từ 0 đến 10 | F10: Bài 1. Các số 0, 1, 2, 3, 4, 5 | G10: Đúng / Sai | H10: 1 | I10: Làm quen | J10: 🌸🌸🌸🌸 Có 5 bông hoa. Đúng hay sai? | K10: A. Đúng | B. Sai | L10: B | M10: Đếm lại: 1, 2, 3, 4. Chỉ có 4 bông hoa. | O10: 30 | P10: =INDEX(Khung_cap_do!$H$2:$H$6,H10) | Q10: T1.SO.01 | R10: TOAN.DUNGSAI
A11: toan1-kntt-b01-q10 | B11: Toán | C11: Kết nối tri thức | D11: Bài 1 | E11: Chủ đề 1. Các số từ 0 đến 10 | F11: Bài 1. Các số 0, 1, 2, 3, 4, 5 | G11: Điền đáp án | H11: 3 | I11: Vận dụng | J11: Tổ em có 5 bạn, mỗi bạn cầm 1 lá cờ. Tổ em có tất cả mấy lá cờ? | L11: 5 / năm | M11: Mỗi bạn 1 lá cờ, 5 bạn thì có 5 lá cờ. | N11: Mỗi bạn cầm đúng 1 lá cờ nên số lá cờ bằng số bạn. Có 5 bạn, vậy có 5 lá cờ. | O11: 70 | P11: =INDEX(Khung_cap_do!$H$2:$H$6,H11) | Q11: T1.SO.01 | R11: TOAN.DEM
A12: toan1-kntt-b02-q1 | B12: Toán | C12: Kết nối tri thức | D12: Bài 2 | E12: Chủ đề 1. Các số từ 0 đến 10 | F12: Bài 2. Các số 6, 7, 8, 9, 10 | G12: Chọn đáp án | H12: 1 | I12: Làm quen | J12: 🍊🍊🍊🍊🍊🍊🍊 Có mấy quả cam? | K12: A. 6 | B. 7 | C. 8 | D. 9 | L12: B | M12: Đếm từ 1 đến 7. Có 7 quả cam. | O12: 30 | P12: =INDEX(Khung_cap_do!$H$2:$H$6,H12) | Q12: T1.SO.01 | R12: TOAN.DEM
A13: toan1-kntt-b02-q2 | B13: Toán | C13: Kết nối tri thức | D13: Bài 2 | E13: Chủ đề 1. Các số từ 0 đến 10 | F13: Bài 2. Các số 6, 7, 8, 9, 10 | G13: Chọn đáp án | H13: 1 | I13: Làm quen | J13: 🎈🎈🎈🎈🎈🎈🎈🎈🎈🎈 Có mấy quả bóng bay? | K13: A. 8 | B. 9 | C. 10 | D. 7 | L13: C | M13: Có 10 quả bóng bay. | N13: Mẹo: đếm theo hàng, mỗi lần chỉ một quả và không đếm lại quả đã đếm. Đếm đến quả cuối cùng là 10. | O13: 30 | P13: =INDEX(Khung_cap_do!$H$2:$H$6,H13) | Q13: T1.SO.01 | R13: TOAN.DEM
A14: toan1-kntt-b02-q3 | B14: Toán | C14: Kết nối tri thức | D14: Bài 2 | E14: Chủ đề 1. Các số từ 0 đến 10 | F14: Bài 2. Các số 6, 7, 8, 9, 10 | G14: Chọn đáp án | H14: 1 | I14: Làm quen | J14: 🐞🐞🐞🐞🐞🐞 Có mấy con bọ rùa? | K14: A. 6 | B. 5 | C. 7 | D. 8 | L14: A | M14: Có 6 con bọ rùa. | O14: 30 | P14: =INDEX(Khung_cap_do!$H$2:$H$6,H14) | Q14: T1.SO.01 | R14: TOAN.DEM
A15: toan1-kntt-b02-q4 | B15: Toán | C15: Kết nối tri thức | D15: Bài 2 | E15: Chủ đề 1. Các số từ 0 đến 10 | F15: Bài 2. Các số 6, 7, 8, 9, 10 | G15: Điền đáp án | H15: 1 | I15: Làm quen | J15: Viết số: tám | L15: 8 | M15: Số tám viết là 8. | O15: 40 | P15: =INDEX(Khung_cap_do!$H$2:$H$6,H15) | Q15: T1.SO.01 | R15: TOAN.DOCVIET
A16: toan1-kntt-b02-q5 | B16: Toán | C16: Kết nối tri thức | D16: Bài 2 | E16: Chủ đề 1. Các số từ 0 đến 10 | F16: Bài 2. Các số 6, 7, 8, 9, 10 | G16: Chọn đáp án | H16: 1 | I16: Làm quen | J16: Số 9 đọc là gì? | K16: A. chín | B. sáu | C. tám | D. mười | L16: A | M16: Số 9 đọc là "chín". | O16: 30 | P16: =INDEX(Khung_cap_do!$H$2:$H$6,H16) | Q16: T1.SO.01 | R16: TOAN.DOCVIET
A17: toan1-kntt-b02-q6 | B17: Toán | C17: Kết nối tri thức | D17: Bài 2 | E17: Chủ đề 1. Các số từ 0 đến 10 | F17: Bài 2. Các số 6, 7, 8, 9, 10 | G17: Điền đáp án | H17: 2 | I17: Cơ bản | J17: 6, 7, ..., 9, 10. Số còn thiếu là số mấy? | L17: 8 / tám | M17: Sau 7 là 8, sau 8 là 9. | O17: 50 | P17: =INDEX(Khung_cap_do!$H$2:$H$6,H17) | Q17: T1.SO.01 | R17: TOAN.SOTHIEU
A18: toan1-kntt-b02-q7 | B18: Toán | C18: Kết nối tri thức | D18: Bài 2 | E18: Chủ đề 1. Các số từ 0 đến 10 | F18: Bài 2. Các số 6, 7, 8, 9, 10 | G18: Ghép cặp | H18: 2 | I18: Cơ bản | J18: Ghép số với cách đọc | K18: 6 ↔ ? / 7 ↔ ? / 10 ↔ ? | L18: 6 – sáu; 7 – bảy; 10 – mười | M18: 6 – sáu, 7 – bảy, 10 – mười. | O18: 55 | P18: =INDEX(Khung_cap_do!$H$2:$H$6,H18) | Q18: T1.SO.01 | R18: TOAN.DOCVIET
A19: toan1-kntt-b02-q8 | B19: Toán | C19: Kết nối tri thức | D19: Bài 2 | E19: Chủ đề 1. Các số từ 0 đến 10 | F19: Bài 2. Các số 6, 7, 8, 9, 10 | G19: Sắp xếp | H19: 2 | I19: Cơ bản | J19: Xếp các số theo thứ tự đếm | K19: 10 / 6 / 7 / 8 / 9 | L19: 6 → 7 → 8 → 9 → 10 | M19: Thứ tự: 6, 7, 8, 9, 10. | O19: 55 | P19: =INDEX(Khung_cap_do!$H$2:$H$6,H19) | Q19: T1.SO.01 | R19: TOAN.SAPXEP
A20: toan1-kntt-b02-q9 | B20: Toán | C20: Kết nối tri thức | D20: Bài 2 | E20: Chủ đề 1. Các số từ 0 đến 10 | F20: Bài 2. Các số 6, 7, 8, 9, 10 | G20: Đúng / Sai | H20: 2 | I20: Cơ bản | J20: Số 10 được viết bằng hai chữ số: chữ số 1 và chữ số 0. Đúng hay sai? | K20: A. Đúng | B. Sai | L20: A | M20: Số 10 viết là 1 và 0 đứng cạnh nhau. | O20: 50 | P20: =INDEX(Khung_cap_do!$H$2:$H$6,H20) | Q20: T1.SO.01 | R20: TOAN.DUNGSAI
A21: toan1-kntt-b02-q10 | B21: Toán | C21: Kết nối tri thức | D21: Bài 2 | E21: Chủ đề 1. Các số từ 0 đến 10 | F21: Bài 2. Các số 6, 7, 8, 9, 10 | G21: Điền đáp án | H21: 3 | I21: Vận dụng | J21: Đếm tất cả ngón tay trên cả hai bàn tay của em. Có mấy ngón tay? | L21: 10 / mười | M21: Hai bàn tay có 10 ngón tay. | N21: Giơ hai bàn tay ra, đếm lần lượt từng ngón: 1, 2, 3, 4, 5 ở tay này, rồi 6, 7, 8, 9, 10 ở tay kia. Có 10 ngón tay. | O21: 70 | P21: =INDEX(Khung_cap_do!$H$2:$H$6,H21) | Q21: T1.SO.01 | R21: TOAN.DEM
A22: toan1-kntt-b03-q1 | B22: Toán | C22: Kết nối tri thức | D22: Bài 3 | E22: Chủ đề 1. Các số từ 0 đến 10 | F22: Bài 3. Nhiều hơn, ít hơn, bằng nhau | G22: Chọn đáp án | H22: 1 | I22: Làm quen | J22: 🐱🐱🐱 🐭🐭🐭🐭🐭 Số mèo ... số chuột | K22: A. nhiều hơn | B. ít hơn | C. bằng | L22: B | M22: Ghép mỗi con mèo với một con chuột thì còn thừa chuột. Số mèo ít hơn số chuột. | N22: Nối mỗi con mèo với một con chuột: được 3 cặp, còn thừa 2 con chuột chưa có mèo. Nhóm còn thừa là nhóm nhiều hơn. Vậy số mèo ít hơn số chuột. | O22: 30 | P22: =INDEX(Khung_cap_do!$H$2:$H$6,H22) | Q22: T1.SO.02 | R22: TOAN.SOSANH
A23: toan1-kntt-b03-q2 | B23: Toán | C23: Kết nối tri thức | D23: Bài 3 | E23: Chủ đề 1. Các số từ 0 đến 10 | F23: Bài 3. Nhiều hơn, ít hơn, bằng nhau | G23: Chọn đáp án | H23: 1 | I23: Làm quen | J23: 🍎🍎🍎🍎 🍐🍐🍐🍐 Số táo ... số lê | K23: A. nhiều hơn | B. ít hơn | C. bằng | L23: C | M23: Ghép từng quả táo với từng quả lê thì vừa hết. Hai nhóm bằng nhau. | O23: 30 | P23: =INDEX(Khung_cap_do!$H$2:$H$6,H23) | Q23: T1.SO.02 | R23: TOAN.SOSANH
A24: toan1-kntt-b03-q3 | B24: Toán | C24: Kết nối tri thức | D24: Bài 3 | E24: Chủ đề 1. Các số từ 0 đến 10 | F24: Bài 3. Nhiều hơn, ít hơn, bằng nhau | G24: Chọn đáp án | H24: 2 | I24: Cơ bản | J24: 🐶🐶🐶🐶🐶🐶 🦴🦴🦴🦴 Số chó ... số khúc xương | K24: A. nhiều hơn | B. ít hơn | C. bằng | L24: A | M24: Mỗi chú chó lấy một khúc xương thì còn 2 chú chó chưa có. Số chó nhiều hơn. | O24: 40 | P24: =INDEX(Khung_cap_do!$H$2:$H$6,H24) | Q24: T1.SO.02 | R24: TOAN.SOSANH
A25: toan1-kntt-b03-q4 | B25: Toán | C25: Kết nối tri thức | D25: Bài 3 | E25: Chủ đề 1. Các số từ 0 đến 10 | F25: Bài 3. Nhiều hơn, ít hơn, bằng nhau | G25: Chọn đáp án | H25: 1 | I25: Làm quen | J25: Nhóm nào có nhiều ngôi sao hơn? | K25: A. ⭐⭐⭐⭐⭐ | B. ⭐⭐⭐ | L25: A | M25: Nhóm 5 ngôi sao nhiều hơn nhóm 3 ngôi sao. | O25: 30 | P25: =INDEX(Khung_cap_do!$H$2:$H$6,H25) | Q25: T1.SO.02 | R25: TOAN.SOSANH
A26: toan1-kntt-b03-q5 | B26: Toán | C26: Kết nối tri thức | D26: Bài 3 | E26: Chủ đề 1. Các số từ 0 đến 10 | F26: Bài 3. Nhiều hơn, ít hơn, bằng nhau | G26: Chọn nhiều đáp án | H26: 2 | I26: Cơ bản | J26: Chọn TẤT CẢ các nhóm có số lượng BẰNG nhóm 🍓🍓🍓 | K26: A. 🍋🍋🍋 | B. 🍇🍇 | C. 🍉🍉🍉 | D. 🍒🍒🍒🍒 | L26: A, C | M26: Nhóm 3 quả chanh và nhóm 3 miếng dưa hấu đều có 3, bằng nhóm dâu. | O26: 50 | P26: =INDEX(Khung_cap_do!$H$2:$H$6,H26) | Q26: T1.SO.02 | R26: TOAN.SOSANH
A27: toan1-kntt-b03-q6 | B27: Toán | C27: Kết nối tri thức | D27: Bài 3 | E27: Chủ đề 1. Các số từ 0 đến 10 | F27: Bài 3. Nhiều hơn, ít hơn, bằng nhau | G27: Đúng / Sai | H27: 2 | I27: Cơ bản | J27: 🐰🐰🐰🐰 🥕🥕🥕🥕🥕🥕 Số thỏ nhiều hơn số cà rốt. Đúng hay sai? | K27: A. Đúng | B. Sai | L27: B | M27: Mỗi chú thỏ một củ thì còn thừa cà rốt. Số thỏ ít hơn. | O27: 40 | P27: =INDEX(Khung_cap_do!$H$2:$H$6,H27) | Q27: T1.SO.02 | R27: TOAN.DUNGSAI
A28: toan1-kntt-b03-q7 | B28: Toán | C28: Kết nối tri thức | D28: Bài 3 | E28: Chủ đề 1. Các số từ 0 đến 10 | F28: Bài 3. Nhiều hơn, ít hơn, bằng nhau | G28: Chọn đáp án | H28: 3 | I28: Vận dụng | J28: Có 5 bạn và 5 cái ghế. Mỗi bạn ngồi 1 ghế thì thế nào? | K28: A. Thừa ghế | B. Thiếu ghế | C. Vừa đủ | L28: C | M28: Số bạn bằng số ghế nên vừa đủ. | N28: Ghép mỗi bạn với một cái ghế: ghép hết 5 bạn thì cũng vừa hết 5 ghế, không thừa không thiếu. Vậy vừa đủ. | O28: 50 | P28: =INDEX(Khung_cap_do!$H$2:$H$6,H28) | Q28: T1.SO.02 | R28: TOAN.SOSANH
A29: toan1-kntt-b03-q8 | B29: Toán | C29: Kết nối tri thức | D29: Bài 3 | E29: Chủ đề 1. Các số từ 0 đến 10 | F29: Bài 3. Nhiều hơn, ít hơn, bằng nhau | G29: Chọn đáp án | H29: 3 | I29: Vận dụng | J29: Có 4 con thỏ và 6 củ cà rốt. Mỗi con thỏ ăn 1 củ thì thế nào? | K29: A. Thừa cà rốt | B. Thiếu cà rốt | C. Vừa đủ | L29: A | M29: Cà rốt nhiều hơn thỏ nên còn thừa cà rốt. | N29: Cho mỗi con thỏ 1 củ: 4 con thỏ lấy 4 củ. Còn lại 2 củ chưa có thỏ ăn. Vậy thừa cà rốt. | O29: 60 | P29: =INDEX(Khung_cap_do!$H$2:$H$6,H29) | Q29: T1.SO.02 | R29: TOAN.SOSANH
A30: toan1-kntt-b04-q1 | B30: Toán | C30: Kết nối tri thức | D30: Bài 4 | E30: Chủ đề 1. Các số từ 0 đến 10 | F30: Bài 4. So sánh số | G30: Chọn đáp án | H30: 1 | I30: Làm quen | J30: Chọn dấu đúng: 5 ... 7 | K30: A. > | B. < | C. = | L30: B | M30: 5 bé hơn 7 nên viết 5 < 7. | N30: Khi đếm, 5 đến trước 7 nên 5 bé hơn 7. Dấu bé hơn là "<", đầu nhọn chỉ vào số bé. Ta viết 5 < 7. | O30: 30 | P30: =INDEX(Khung_cap_do!$H$2:$H$6,H30) | Q30: T1.SO.02 | R30: TOAN.SOSANH
A31: toan1-kntt-b04-q2 | B31: Toán | C31: Kết nối tri thức | D31: Bài 4 | E31: Chủ đề 1. Các số từ 0 đến 10 | F31: Bài 4. So sánh số | G31: Chọn đáp án | H31: 1 | I31: Làm quen | J31: Chọn dấu đúng: 9 ... 6 | K31: A. > | B. < | C. = | L31: A | M31: 9 lớn hơn 6 nên viết 9 > 6. | O31: 30 | P31: =INDEX(Khung_cap_do!$H$2:$H$6,H31) | Q31: T1.SO.02 | R31: TOAN.SOSANH
A32: toan1-kntt-b04-q3 | B32: Toán | C32: Kết nối tri thức | D32: Bài 4 | E32: Chủ đề 1. Các số từ 0 đến 10 | F32: Bài 4. So sánh số | G32: Chọn đáp án | H32: 1 | I32: Làm quen | J32: Chọn dấu đúng: 4 ... 4 | K32: A. > | B. < | C. = | L32: C | M32: Hai số giống nhau thì bằng nhau: 4 = 4. | O32: 30 | P32: =INDEX(Khung_cap_do!$H$2:$H$6,H32) | Q32: T1.SO.02 | R32: TOAN.SOSANH
A33: toan1-kntt-b04-q4 | B33: Toán | C33: Kết nối tri thức | D33: Bài 4 | E33: Chủ đề 1. Các số từ 0 đến 10 | F33: Bài 4. So sánh số | G33: Đúng / Sai | H33: 2 | I33: Cơ bản | J33: 8 > 10. Đúng hay sai? | K33: A. Đúng | B. Sai | L33: B | M33: 8 bé hơn 10, nên phải viết 8 < 10. | O33: 40 | P33: =INDEX(Khung_cap_do!$H$2:$H$6,H33) | Q33: T1.SO.02 | R33: TOAN.DUNGSAI
A34: toan1-kntt-b04-q5 | B34: Toán | C34: Kết nối tri thức | D34: Bài 4 | E34: Chủ đề 1. Các số từ 0 đến 10 | F34: Bài 4. So sánh số | G34: Chọn đáp án | H34: 2 | I34: Cơ bản | J34: Số lớn nhất trong các số 3, 8, 5, 6 là số nào? | K34: A. 3 | B. 8 | C. 5 | D. 6 | L34: B | M34: Trong 3, 5, 6, 8 thì 8 đến sau cùng khi đếm, nên 8 lớn nhất. | O34: 40 | P34: =INDEX(Khung_cap_do!$H$2:$H$6,H34) | Q34: T1.SO.02 | R34: TOAN.SOSANH
A35: toan1-kntt-b04-q6 | B35: Toán | C35: Kết nối tri thức | D35: Bài 4 | E35: Chủ đề 1. Các số từ 0 đến 10 | F35: Bài 4. So sánh số | G35: Điền đáp án | H35: 2 | I35: Cơ bản | J35: Số bé nhất trong các số 7, 2, 9, 4 là số mấy? | L35: 2 / hai | M35: 2 đến trước 4, 7, 9 khi đếm nên 2 bé nhất. | O35: 50 | P35: =INDEX(Khung_cap_do!$H$2:$H$6,H35) | Q35: T1.SO.02 | R35: TOAN.SOSANH
A36: toan1-kntt-b04-q7 | B36: Toán | C36: Kết nối tri thức | D36: Bài 4 | E36: Chủ đề 1. Các số từ 0 đến 10 | F36: Bài 4. So sánh số | G36: Sắp xếp | H36: 2 | I36: Cơ bản | J36: Xếp các số từ LỚN đến BÉ | K36: 1 / 4 / 6 / 9 | L36: 9 → 6 → 4 → 1 | M36: Từ lớn đến bé: 9, 6, 4, 1. | N36: Tìm số lớn nhất trước: 9. Còn lại 6, 4, 1 thì 6 lớn nhất. Tiếp theo là 4, cuối cùng là 1. | O36: 55 | P36: =INDEX(Khung_cap_do!$H$2:$H$6,H36) | Q36: T1.SO.02 | R36: TOAN.SAPXEP
A37: toan1-kntt-b04-q8 | B37: Toán | C37: Kết nối tri thức | D37: Bài 4 | E37: Chủ đề 1. Các số từ 0 đến 10 | F37: Bài 4. So sánh số | G37: Chọn nhiều đáp án | H37: 2 | I37: Cơ bản | J37: Chọn TẤT CẢ các số lớn hơn 5 | K37: A. 3 | B. 6 | C. 8 | D. 5 | E. 10 | L37: B, C, E | M37: 6, 8, 10 đều lớn hơn 5. Số 5 bằng 5, không lớn hơn. | O37: 50 | P37: =INDEX(Khung_cap_do!$H$2:$H$6,H37) | Q37: T1.SO.02 | R37: TOAN.SOSANH
A38: toan1-kntt-b04-q9 | B38: Toán | C38: Kết nối tri thức | D38: Bài 4 | E38: Chủ đề 1. Các số từ 0 đến 10 | F38: Bài 4. So sánh số | G38: Chọn đáp án | H38: 3 | I38: Vận dụng | J38: Lan có 6 bông hoa, Hà có 8 bông hoa. Bạn nào có nhiều hoa hơn? | K38: A. Lan | B. Hà | L38: B | M38: 8 lớn hơn 6 nên Hà có nhiều hoa hơn. | N38: So sánh 6 và 8: đếm 6, 7, 8 thì số 8 đến sau nên 8 lớn hơn 6. Hà có 8 bông nên Hà có nhiều hoa hơn. | O38: 60 | P38: =INDEX(Khung_cap_do!$H$2:$H$6,H38) | Q38: T1.SO.02 | R38: TOAN.SOSANH
A39: toan1-kntt-b04-q10 | B39: Toán | C39: Kết nối tri thức | D39: Bài 4 | E39: Chủ đề 1. Các số từ 0 đến 10 | F39: Bài 4. So sánh số | G39: Điền đáp án | H39: 3 | I39: Vận dụng | J39: Điền số: 7 < ... < 9 | L39: 8 | M39: Số lớn hơn 7 và bé hơn 9 là 8. | N39: Cần một số đứng sau 7 và đứng trước 9 khi đếm: 7, 8, 9. Số đó là 8. | O39: 60 | P39: =INDEX(Khung_cap_do!$H$2:$H$6,H39) | Q39: T1.SO.02 | R39: TOAN.SOTHIEU
A40: toan1-kntt-b05-q1 | B40: Toán | C40: Kết nối tri thức | D40: Bài 5 | E40: Chủ đề 1. Các số từ 0 đến 10 | F40: Bài 5. Mấy và mấy | G40: Điền đáp án | H40: 1 | I40: Làm quen | J40: 5 gồm 2 và mấy? | L40: 3 / ba | M40: 5 gồm 2 và 3. | O40: 40 | P40: =INDEX(Khung_cap_do!$H$2:$H$6,H40) | Q40: T1.PT.01 | R40: TOAN.SOTHIEU
A41: toan1-kntt-b05-q2 | B41: Toán | C41: Kết nối tri thức | D41: Bài 5 | E41: Chủ đề 1. Các số từ 0 đến 10 | F41: Bài 5. Mấy và mấy | G41: Điền đáp án | H41: 2 | I41: Cơ bản | J41: 7 gồm 4 và mấy? | L41: 3 / ba | M41: 7 gồm 4 và 3. | N41: Giơ 7 ngón tay, gập lại 4 ngón. Còn 3 ngón đang giơ. Vậy 7 gồm 4 và 3. | O41: 50 | P41: =INDEX(Khung_cap_do!$H$2:$H$6,H41) | Q41: T1.PT.01 | R41: TOAN.SOTHIEU
A42: toan1-kntt-b05-q3 | B42: Toán | C42: Kết nối tri thức | D42: Bài 5 | E42: Chủ đề 1. Các số từ 0 đến 10 | F42: Bài 5. Mấy và mấy | G42: Chọn đáp án | H42: 2 | I42: Cơ bản | J42: 8 gồm 5 và mấy? | K42: A. 2 | B. 3 | C. 4 | L42: B | M42: 8 gồm 5 và 3. | O42: 40 | P42: =INDEX(Khung_cap_do!$H$2:$H$6,H42) | Q42: T1.PT.01 | R42: TOAN.SOTHIEU
A43: toan1-kntt-b05-q4 | B43: Toán | C43: Kết nối tri thức | D43: Bài 5 | E43: Chủ đề 1. Các số từ 0 đến 10 | F43: Bài 5. Mấy và mấy | G43: Chọn đáp án | H43: 1 | I43: Làm quen | J43: 🍎🍎 và 🍎🍎🍎🍎🍎 Gộp lại có mấy quả táo? | K43: A. 6 | B. 7 | C. 8 | L43: B | M43: 2 quả và 5 quả, đếm tất cả được 7 quả. | O43: 30 | P43: =INDEX(Khung_cap_do!$H$2:$H$6,H43) | Q43: T1.PT.01 | R43: TOAN.DEM
A44: toan1-kntt-b05-q5 | B44: Toán | C44: Kết nối tri thức | D44: Bài 5 | E44: Chủ đề 1. Các số từ 0 đến 10 | F44: Bài 5. Mấy và mấy | G44: Ghép cặp | H44: 2 | I44: Cơ bản | J44: Ghép hai phần để được số 6 | K44: 1 và ↔ ? / 2 và ↔ ? / 3 và ↔ ? | L44: 1 và – 5; 2 và – 4; 3 và – 3 | M44: 6 gồm 1 và 5, 2 và 4, 3 và 3. | O44: 55 | P44: =INDEX(Khung_cap_do!$H$2:$H$6,H44) | Q44: T1.PT.01 | R44: TOAN.SOTHIEU
A45: toan1-kntt-b05-q6 | B45: Toán | C45: Kết nối tri thức | D45: Bài 5 | E45: Chủ đề 1. Các số từ 0 đến 10 | F45: Bài 5. Mấy và mấy | G45: Đúng / Sai | H45: 2 | I45: Cơ bản | J45: 10 gồm 6 và 4. Đúng hay sai? | K45: A. Đúng | B. Sai | L45: A | M45: Đếm 6 rồi đếm thêm 4: 7, 8, 9, 10. Đúng. | O45: 40 | P45: =INDEX(Khung_cap_do!$H$2:$H$6,H45) | Q45: T1.PT.01 | R45: TOAN.DUNGSAI
A46: toan1-kntt-b05-q7 | B46: Toán | C46: Kết nối tri thức | D46: Bài 5 | E46: Chủ đề 1. Các số từ 0 đến 10 | F46: Bài 5. Mấy và mấy | G46: Chọn đáp án | H46: 2 | I46: Cơ bản | J46: Số nào gồm 3 và 3? | K46: A. 5 | B. 6 | C. 7 | L46: B | M46: 3 và 3 gộp lại là 6. | O46: 40 | P46: =INDEX(Khung_cap_do!$H$2:$H$6,H46) | Q46: T1.PT.01 | R46: TOAN.SOTHIEU
A47: toan1-kntt-b05-q8 | B47: Toán | C47: Kết nối tri thức | D47: Bài 5 | E47: Chủ đề 1. Các số từ 0 đến 10 | F47: Bài 5. Mấy và mấy | G47: Điền đáp án | H47: 3 | I47: Vận dụng | J47: Có 9 cái bút chia vào 2 hộp. Hộp thứ nhất có 4 cái. Hộp thứ hai có mấy cái? | L47: 5 / năm | M47: 9 gồm 4 và 5, nên hộp thứ hai có 5 cái. | N47: Tất cả có 9 cái bút. Hộp thứ nhất giữ 4 cái. Đếm tiếp từ 4 đến 9: 5, 6, 7, 8, 9 là 5 lần. Vậy hộp thứ hai có 5 cái bút. | O47: 70 | P47: =INDEX(Khung_cap_do!$H$2:$H$6,H47) | Q47: T1.PT.03 | R47: TOAN.LOIVAN
A48: toan1-kntt-b06-q1 | B48: Toán | C48: Kết nối tri thức | D48: Bài 6 | E48: Chủ đề 1. Các số từ 0 đến 10 | F48: Bài 6. Luyện tập chung | G48: Chọn đáp án | H48: 1 | I48: Làm quen | J48: 🚗🚗🚗🚗🚗🚗🚗🚗🚗 Có mấy chiếc ô tô? | K48: A. 8 | B. 9 | C. 10 | L48: B | M48: Có 9 chiếc ô tô. | O48: 30 | P48: =INDEX(Khung_cap_do!$H$2:$H$6,H48) | Q48: T1.SO.01 | R48: TOAN.DEM
A49: toan1-kntt-b06-q2 | B49: Toán | C49: Kết nối tri thức | D49: Bài 6 | E49: Chủ đề 1. Các số từ 0 đến 10 | F49: Bài 6. Luyện tập chung | G49: Điền đáp án | H49: 1 | I49: Làm quen | J49: Viết số: sáu | L49: 6 | M49: Sáu viết là 6. | O49: 40 | P49: =INDEX(Khung_cap_do!$H$2:$H$6,H49) | Q49: T1.SO.01 | R49: TOAN.DOCVIET
A50: toan1-kntt-b06-q3 | B50: Toán | C50: Kết nối tri thức | D50: Bài 6 | E50: Chủ đề 1. Các số từ 0 đến 10 | F50: Bài 6. Luyện tập chung | G50: Chọn đáp án | H50: 1 | I50: Làm quen | J50: Chọn dấu đúng: 10 ... 7 | K50: A. > | B. < | C. = | L50: A | M50: 10 lớn hơn 7. | O50: 30 | P50: =INDEX(Khung_cap_do!$H$2:$H$6,H50) | Q50: T1.SO.02 | R50: TOAN.SOSANH
A51: toan1-kntt-b06-q4 | B51: Toán | C51: Kết nối tri thức | D51: Bài 6 | E51: Chủ đề 1. Các số từ 0 đến 10 | F51: Bài 6. Luyện tập chung | G51: Điền đáp án | H51: 2 | I51: Cơ bản | J51: 9 gồm 7 và mấy? | L51: 2 / hai | M51: 9 gồm 7 và 2. | O51: 50 | P51: =INDEX(Khung_cap_do!$H$2:$H$6,H51) | Q51: T1.PT.01 | R51: TOAN.SOTHIEU
A52: toan1-kntt-b06-q5 | B52: Toán | C52: Kết nối tri thức | D52: Bài 6 | E52: Chủ đề 1. Các số từ 0 đến 10 | F52: Bài 6. Luyện tập chung | G52: Sắp xếp | H52: 2 | I52: Cơ bản | J52: Xếp từ bé đến lớn | K52: 0 / 10 / 3 / 7 | L52: 0 → 3 → 7 → 10 | M52: 0, 3, 7, 10. | O52: 55 | P52: =INDEX(Khung_cap_do!$H$2:$H$6,H52) | Q52: T1.SO.02 | R52: TOAN.SAPXEP
A53: toan1-kntt-b06-q6 | B53: Toán | C53: Kết nối tri thức | D53: Bài 6 | E53: Chủ đề 1. Các số từ 0 đến 10 | F53: Bài 6. Luyện tập chung | G53: Chọn đáp án | H53: 2 | I53: Cơ bản | J53: Số liền trước số 10 là số nào? | K53: A. 8 | B. 9 | C. 7 | L53: B | M53: Đếm 8, 9, 10: số đứng ngay trước 10 là 9. | O53: 40 | P53: =INDEX(Khung_cap_do!$H$2:$H$6,H53) | Q53: T1.SO.01 | R53: TOAN.DOCVIET
A54: toan1-kntt-b06-q7 | B54: Toán | C54: Kết nối tri thức | D54: Bài 6 | E54: Chủ đề 1. Các số từ 0 đến 10 | F54: Bài 6. Luyện tập chung | G54: Đúng / Sai | H54: 2 | I54: Cơ bản | J54: Trong các số 4, 0, 6 thì 0 là số bé nhất. Đúng hay sai? | K54: A. Đúng | B. Sai | L54: A | M54: 0 là số bé nhất trong các số đã học. | O54: 40 | P54: =INDEX(Khung_cap_do!$H$2:$H$6,H54) | Q54: T1.SO.02 | R54: TOAN.DUNGSAI
A55: toan1-kntt-b06-q8 | B55: Toán | C55: Kết nối tri thức | D55: Bài 6 | E55: Chủ đề 1. Các số từ 0 đến 10 | F55: Bài 6. Luyện tập chung | G55: Chọn đáp án | H55: 3 | I55: Vận dụng | J55: Nam có 7 viên bi. Minh có số bi nhiều hơn Nam nhưng ít hơn 9. Minh có mấy viên bi? | K55: A. 6 | B. 8 | C. 9 | L55: B | M55: Số lớn hơn 7 và bé hơn 9 là 8. | N55: Minh có nhiều hơn 7 viên nên có thể là 8, 9, 10... Nhưng phải ít hơn 9, nên chỉ còn 8. Minh có 8 viên bi. | O55: 60 | P55: =INDEX(Khung_cap_do!$H$2:$H$6,H55) | Q55: T1.SO.02 | R55: TOAN.SOSANH
A56: toan1-kntt-b07-q1 | B56: Toán | C56: Kết nối tri thức | D56: Bài 7 | E56: Chủ đề 2. Làm quen với một số hình phẳng | F56: Bài 7. Hình vuông, hình tròn, hình tam giác, hình chữ nhật | G56: Chọn đáp án | H56: 1 | I56: Làm quen | J56: Hình 🔵 là hình gì? | K56: A. Hình tròn | B. Hình vuông | C. Hình tam giác | L56: A | M56: Hình tròn không có góc, viền cong đều. | O56: 30 | P56: =INDEX(Khung_cap_do!$H$2:$H$6,H56) | Q56: T1.HH.02 | R56: TOAN.HINH
A57: toan1-kntt-b07-q2 | B57: Toán | C57: Kết nối tri thức | D57: Bài 7 | E57: Chủ đề 2. Làm quen với một số hình phẳng | F57: Bài 7. Hình vuông, hình tròn, hình tam giác, hình chữ nhật | G57: Chọn đáp án | H57: 1 | I57: Làm quen | J57: Hình 🔺 là hình gì? | K57: A. Hình tròn | B. Hình vuông | C. Hình tam giác | L57: C | M57: Hình tam giác có 3 cạnh. | O57: 30 | P57: =INDEX(Khung_cap_do!$H$2:$H$6,H57) | Q57: T1.HH.02 | R57: TOAN.HINH
A58: toan1-kntt-b07-q3 | B58: Toán | C58: Kết nối tri thức | D58: Bài 7 | E58: Chủ đề 2. Làm quen với một số hình phẳng | F58: Bài 7. Hình vuông, hình tròn, hình tam giác, hình chữ nhật | G58: Chọn đáp án | H58: 1 | I58: Làm quen | J58: Hình 🟩 là hình gì? | K58: A. Hình tròn | B. Hình vuông | C. Hình tam giác | L58: B | M58: Hình vuông có 4 cạnh dài bằng nhau. | O58: 30 | P58: =INDEX(Khung_cap_do!$H$2:$H$6,H58) | Q58: T1.HH.02 | R58: TOAN.HINH
A59: toan1-kntt-b07-q4 | B59: Toán | C59: Kết nối tri thức | D59: Bài 7 | E59: Chủ đề 2. Làm quen với một số hình phẳng | F59: Bài 7. Hình vuông, hình tròn, hình tam giác, hình chữ nhật | G59: Chọn đáp án | H59: 2 | I59: Cơ bản | J59: Hình nào có 3 cạnh? | K59: A. Hình vuông | B. Hình tròn | C. Hình tam giác | D. Hình chữ nhật | L59: C | M59: Hình tam giác có 3 cạnh, 3 góc. | O59: 40 | P59: =INDEX(Khung_cap_do!$H$2:$H$6,H59) | Q59: T1.HH.02 | R59: TOAN.HINH
A60: toan1-kntt-b07-q5 | B60: Toán | C60: Kết nối tri thức | D60: Bài 7 | E60: Chủ đề 2. Làm quen với một số hình phẳng | F60: Bài 7. Hình vuông, hình tròn, hình tam giác, hình chữ nhật | G60: Ghép cặp | H60: 2 | I60: Cơ bản | J60: Ghép đồ vật với hình dạng của mặt đồ vật | K60: Mặt đồng hồ treo tường ↔ ? / Mặt quyển vở ↔ ? / Chiếc khăn mùi soa ↔ ? | L60: Mặt đồng hồ treo tường – Hình tròn; Mặt quyển vở – Hình chữ nhật; Chiếc khăn mùi soa – Hình vuông | M60: Đồng hồ tròn, quyển vở hình chữ nhật, khăn mùi soa hình vuông. | O60: 55 | P60: =INDEX(Khung_cap_do!$H$2:$H$6,H60) | Q60: T1.HH.02 | R60: TOAN.HINH
A61: toan1-kntt-b07-q6 | B61: Toán | C61: Kết nối tri thức | D61: Bài 7 | E61: Chủ đề 2. Làm quen với một số hình phẳng | F61: Bài 7. Hình vuông, hình tròn, hình tam giác, hình chữ nhật | G61: Điền đáp án | H61: 2 | I61: Cơ bản | J61: 🔺🔵🔺🟩🔺🔵 Có mấy hình tam giác? | L61: 3 / ba | M61: Đếm các hình 🔺: có 3 hình tam giác. | O61: 50 | P61: =INDEX(Khung_cap_do!$H$2:$H$6,H61) | Q61: T1.HH.02 | R61: TOAN.DEM
A62: toan1-kntt-b07-q7 | B62: Toán | C62: Kết nối tri thức | D62: Bài 7 | E62: Chủ đề 2. Làm quen với một số hình phẳng | F62: Bài 7. Hình vuông, hình tròn, hình tam giác, hình chữ nhật | G62: Đúng / Sai | H62: 2 | I62: Cơ bản | J62: Hình vuông có 4 cạnh dài bằng nhau. Đúng hay sai? | K62: A. Đúng | B. Sai | L62: A | M62: Đúng, 4 cạnh của hình vuông dài bằng nhau. | O62: 40 | P62: =INDEX(Khung_cap_do!$H$2:$H$6,H62) | Q62: T1.HH.02 | R62: TOAN.DUNGSAI
A63: toan1-kntt-b07-q8 | B63: Toán | C63: Kết nối tri thức | D63: Bài 7 | E63: Chủ đề 2. Làm quen với một số hình phẳng | F63: Bài 7. Hình vuông, hình tròn, hình tam giác, hình chữ nhật | G63: Chọn nhiều đáp án | H63: 3 | I63: Vận dụng | J63: Chọn TẤT CẢ đồ vật có mặt là hình tròn | K63: A. Đồng xu | B. Quyển sách | C. Cái đĩa | D. Viên gạch | L63: A, C | M63: Đồng xu và cái đĩa có mặt tròn. Quyển sách, viên gạch có mặt hình chữ nhật. | N63: Hình dung mặt từng đồ vật: đồng xu và cái đĩa tròn, lăn được. Quyển sách và viên gạch có 4 cạnh, 4 góc nên là hình chữ nhật. | O63: 60 | P63: =INDEX(Khung_cap_do!$H$2:$H$6,H63) | Q63: T1.HH.02 | R63: TOAN.HINH
A64: toan1-kntt-b08-q1 | B64: Toán | C64: Kết nối tri thức | D64: Bài 8 | E64: Chủ đề 2. Làm quen với một số hình phẳng | F64: Bài 8. Thực hành lắp ghép, xếp hình | G64: Chọn đáp án | H64: 1 | I64: Làm quen | J64: Dùng que tính xếp 1 hình tam giác cần mấy que? | K64: A. 2 | B. 3 | C. 4 | L64: B | M64: Hình tam giác có 3 cạnh nên cần 3 que tính. | O64: 30 | P64: =INDEX(Khung_cap_do!$H$2:$H$6,H64) | Q64: T1.HH.04 | R64: TOAN.HINH
A65: toan1-kntt-b08-q2 | B65: Toán | C65: Kết nối tri thức | D65: Bài 8 | E65: Chủ đề 2. Làm quen với một số hình phẳng | F65: Bài 8. Thực hành lắp ghép, xếp hình | G65: Điền đáp án | H65: 1 | I65: Làm quen | J65: Dùng que tính xếp 1 hình vuông cần mấy que? | L65: 4 / bốn | M65: Hình vuông có 4 cạnh nên cần 4 que tính. | O65: 40 | P65: =INDEX(Khung_cap_do!$H$2:$H$6,H65) | Q65: T1.HH.04 | R65: TOAN.HINH
A66: toan1-kntt-b08-q3 | B66: Toán | C66: Kết nối tri thức | D66: Bài 8 | E66: Chủ đề 2. Làm quen với một số hình phẳng | F66: Bài 8. Thực hành lắp ghép, xếp hình | G66: Chọn đáp án | H66: 2 | I66: Cơ bản | J66: Ghép 2 hình vuông bằng nhau đặt sát cạnh nhau thì được hình gì? | K66: A. Hình chữ nhật | B. Hình tròn | C. Hình tam giác | L66: A | M66: Hai hình vuông đặt cạnh nhau tạo thành hình chữ nhật dài. | O66: 50 | P66: =INDEX(Khung_cap_do!$H$2:$H$6,H66) | Q66: T1.HH.04 | R66: TOAN.HINH
A67: toan1-kntt-b08-q4 | B67: Toán | C67: Kết nối tri thức | D67: Bài 8 | E67: Chủ đề 2. Làm quen với một số hình phẳng | F67: Bài 8. Thực hành lắp ghép, xếp hình | G67: Chọn đáp án | H67: 2 | I67: Cơ bản | J67: Gấp chéo tờ giấy hình vuông rồi cắt theo nếp gấp, mỗi phần là hình gì? | K67: A. Hình tam giác | B. Hình tròn | C. Hình vuông | L67: A | M67: Cắt hình vuông theo đường chéo được 2 hình tam giác. | O67: 50 | P67: =INDEX(Khung_cap_do!$H$2:$H$6,H67) | Q67: T1.HH.04 | R67: TOAN.HINH
A68: toan1-kntt-b08-q5 | B68: Toán | C68: Kết nối tri thức | D68: Bài 8 | E68: Chủ đề 2. Làm quen với một số hình phẳng | F68: Bài 8. Thực hành lắp ghép, xếp hình | G68: Chọn đáp án | H68: 1 | I68: Làm quen | J68: Đặt 🔺 lên trên 🟩 thì trông giống cái gì? | K68: A. Ngôi nhà | B. Con cá | C. Bánh xe | L68: A | M68: Hình tam giác làm mái, hình vuông làm thân nhà. | O68: 30 | P68: =INDEX(Khung_cap_do!$H$2:$H$6,H68) | Q68: T1.HH.04 | R68: TOAN.HINH
